,movie,comment,rank
0,언포기버블,영화의  단조로운 스토리를  긴장감있,10
1,인질,납치범 대가리가 영화 다조지네;; 집중이안되네..,6
2,롱 리브 더 킹: 목포 영웅,,10
3,싱크홀,싱크홀 별로라는 말이 많던데 그래도 제가 좋아하는 장르에 배우분들도 좋아하는 분들이라 꼭 보고 싶던거라 이제 봤네요 근데 진심 너무 웃기고 재밌는데요? 쫄깃하고 슬프고 감동적인 부분도 있고 좋아요 특히 광수님이 진짜 너무 웃겨요 그냥 런닝맨 보는 거 같음ㅋㅋㅋㅋ또 좋아하는 이학주 남다름 김성균님도 나오셔서.. 아 너무 좋게 봤어요 저는ㅎ,10
4,아수라,찢었다...모든게 찢었다.,10
5,고양이 집사,방금 봤는데 너무 감동 깊게 봤습니다! 우리나라도 독일처럼 동물보호법 강화되서 더이상 버려지는 아이들이 없기를.. 길위의 아이들 모두 따듯한 손길에 행복하기를.. 영화처럼 세상 모든사람들이 따듯하고 좋은분들만 계시다면 얼마나 좋을까요? 출연해주신 냥이 챙겨주시는 모든분들 감사합니다! 복 많이 받으시고 행복하세요! 덕분에 참 마음 따듯하게 봤습니다!,10
6,고양이 집사,너무 사랑스런 고양이와 따뜻한 사람들의 이야기를 보며 감동 만,8
7,비바리움,내가 50년간 봤던 영화중 최악이,9
8,어메이징 스파이더맨,샘스파보다 발전한 볼,9
9,인질,진짜 할거없으신뷴들은 보세요. ^^ 시간이 넘 아까운...,10
10,언포기버블,영화의  단조로운 스토리를  긴장감있,10
11,인질,납치범 대가리가 영화 다조지네;; 집중이안되네..,6
12,롱 리브 더 킹: 목포 영웅,,10
13,싱크홀,싱크홀 별로라는 말이 많던데 그래도 제가 좋아하는 장르에 배우분들도 좋아하는 분들이라 꼭 보고 싶던거라 이제 봤네요 근데 진심 너무 웃기고 재밌는데요? 쫄깃하고 슬프고 감동적인 부분도 있고 좋아요 특히 광수님이 진짜 너무 웃겨요 그냥 런닝맨 보는 거 같음ㅋㅋㅋㅋ또 좋아하는 이학주 남다름 김성균님도 나오셔서.. 아 너무 좋게 봤어요 저는ㅎ,10
14,아수라,찢었다...모든게 찢었다.,10
15,고양이 집사,방금 봤는데 너무 감동 깊게 봤습니다! 우리나라도 독일처럼 동물보호법 강화되서 더이상 버려지는 아이들이 없기를.. 길위의 아이들 모두 따듯한 손길에 행복하기를.. 영화처럼 세상 모든사람들이 따듯하고 좋은분들만 계시다면 얼마나 좋을까요? 출연해주신 냥이 챙겨주시는 모든분들 감사합니다! 복 많이 받으시고 행복하세요! 덕분에 참 마음 따듯하게 봤습니다!,10
16,고양이 집사,너무 사랑스런 고양이와 따뜻한 사람들의 이야기를 보며 감동 만,8
17,비바리움,내가 50년간 봤던 영화중 최악이,9
18,어메이징 스파이더맨,샘스파보다 발전한 볼,9
19,인질,진짜 할거없으신뷴들은 보세요. ^^ 시간이 넘 아까운...,10
20,언포기버블,영화의  단조로운 스토리를  긴장감있,10
21,인질,납치범 대가리가 영화 다조지네;; 집중이안되네..,6
22,롱 리브 더 킹: 목포 영웅,,10
23,싱크홀,싱크홀 별로라는 말이 많던데 그래도 제가 좋아하는 장르에 배우분들도 좋아하는 분들이라 꼭 보고 싶던거라 이제 봤네요 근데 진심 너무 웃기고 재밌는데요? 쫄깃하고 슬프고 감동적인 부분도 있고 좋아요 특히 광수님이 진짜 너무 웃겨요 그냥 런닝맨 보는 거 같음ㅋㅋㅋㅋ또 좋아하는 이학주 남다름 김성균님도 나오셔서.. 아 너무 좋게 봤어요 저는ㅎ,10
24,아수라,찢었다...모든게 찢었다.,10
25,고양이 집사,방금 봤는데 너무 감동 깊게 봤습니다! 우리나라도 독일처럼 동물보호법 강화되서 더이상 버려지는 아이들이 없기를.. 길위의 아이들 모두 따듯한 손길에 행복하기를.. 영화처럼 세상 모든사람들이 따듯하고 좋은분들만 계시다면 얼마나 좋을까요? 출연해주신 냥이 챙겨주시는 모든분들 감사합니다! 복 많이 받으시고 행복하세요! 덕분에 참 마음 따듯하게 봤습니다!,10
26,고양이 집사,너무 사랑스런 고양이와 따뜻한 사람들의 이야기를 보며 감동 만,8
27,비바리움,내가 50년간 봤던 영화중 최악이,9
28,어메이징 스파이더맨,샘스파보다 발전한 볼,9
29,인질,진짜 할거없으신뷴들은 보세요. ^^ 시간이 넘 아까운...,10
30,언포기버블,영화의  단조로운 스토리를  긴장감있,10
31,인질,납치범 대가리가 영화 다조지네;; 집중이안되네..,6
32,롱 리브 더 킹: 목포 영웅,,10
33,싱크홀,싱크홀 별로라는 말이 많던데 그래도 제가 좋아하는 장르에 배우분들도 좋아하는 분들이라 꼭 보고 싶던거라 이제 봤네요 근데 진심 너무 웃기고 재밌는데요? 쫄깃하고 슬프고 감동적인 부분도 있고 좋아요 특히 광수님이 진짜 너무 웃겨요 그냥 런닝맨 보는 거 같음ㅋㅋㅋㅋ또 좋아하는 이학주 남다름 김성균님도 나오셔서.. 아 너무 좋게 봤어요 저는ㅎ,10
34,아수라,찢었다...모든게 찢었다.,10
35,고양이 집사,방금 봤는데 너무 감동 깊게 봤습니다! 우리나라도 독일처럼 동물보호법 강화되서 더이상 버려지는 아이들이 없기를.. 길위의 아이들 모두 따듯한 손길에 행복하기를.. 영화처럼 세상 모든사람들이 따듯하고 좋은분들만 계시다면 얼마나 좋을까요? 출연해주신 냥이 챙겨주시는 모든분들 감사합니다! 복 많이 받으시고 행복하세요! 덕분에 참 마음 따듯하게 봤습니다!,10
36,고양이 집사,너무 사랑스런 고양이와 따뜻한 사람들의 이야기를 보며 감동 만,8
37,비바리움,내가 50년간 봤던 영화중 최악이,9
38,어메이징 스파이더맨,샘스파보다 발전한 볼,9
39,인질,진짜 할거없으신뷴들은 보세요. ^^ 시간이 넘 아까운...,10
40,언포기버블,영화의  단조로운 스토리를  긴장감있,10
41,인질,납치범 대가리가 영화 다조지네;; 집중이안되네..,6
42,롱 리브 더 킹: 목포 영웅,,10
43,싱크홀,싱크홀 별로라는 말이 많던데 그래도 제가 좋아하는 장르에 배우분들도 좋아하는 분들이라 꼭 보고 싶던거라 이제 봤네요 근데 진심 너무 웃기고 재밌는데요? 쫄깃하고 슬프고 감동적인 부분도 있고 좋아요 특히 광수님이 진짜 너무 웃겨요 그냥 런닝맨 보는 거 같음ㅋㅋㅋㅋ또 좋아하는 이학주 남다름 김성균님도 나오셔서.. 아 너무 좋게 봤어요 저는ㅎ,10
44,아수라,찢었다...모든게 찢었다.,10
45,고양이 집사,방금 봤는데 너무 감동 깊게 봤습니다! 우리나라도 독일처럼 동물보호법 강화되서 더이상 버려지는 아이들이 없기를.. 길위의 아이들 모두 따듯한 손길에 행복하기를.. 영화처럼 세상 모든사람들이 따듯하고 좋은분들만 계시다면 얼마나 좋을까요? 출연해주신 냥이 챙겨주시는 모든분들 감사합니다! 복 많이 받으시고 행복하세요! 덕분에 참 마음 따듯하게 봤습니다!,10
46,고양이 집사,너무 사랑스런 고양이와 따뜻한 사람들의 이야기를 보며 감동 만,8
47,비바리움,내가 50년간 봤던 영화중 최악이,9
48,어메이징 스파이더맨,샘스파보다 발전한 볼,9
49,인질,진짜 할거없으신뷴들은 보세요. ^^ 시간이 넘 아까운...,10
50,언포기버블,영화의  단조로운 스토리를  긴장감있,10
51,인질,납치범 대가리가 영화 다조지네;; 집중이안되네..,6
52,롱 리브 더 킹: 목포 영웅,,10
53,싱크홀,싱크홀 별로라는 말이 많던데 그래도 제가 좋아하는 장르에 배우분들도 좋아하는 분들이라 꼭 보고 싶던거라 이제 봤네요 근데 진심 너무 웃기고 재밌는데요? 쫄깃하고 슬프고 감동적인 부분도 있고 좋아요 특히 광수님이 진짜 너무 웃겨요 그냥 런닝맨 보는 거 같음ㅋㅋㅋㅋ또 좋아하는 이학주 남다름 김성균님도 나오셔서.. 아 너무 좋게 봤어요 저는ㅎ,10
54,아수라,찢었다...모든게 찢었다.,10
55,고양이 집사,방금 봤는데 너무 감동 깊게 봤습니다! 우리나라도 독일처럼 동물보호법 강화되서 더이상 버려지는 아이들이 없기를.. 길위의 아이들 모두 따듯한 손길에 행복하기를.. 영화처럼 세상 모든사람들이 따듯하고 좋은분들만 계시다면 얼마나 좋을까요? 출연해주신 냥이 챙겨주시는 모든분들 감사합니다! 복 많이 받으시고 행복하세요! 덕분에 참 마음 따듯하게 봤습니다!,10
56,고양이 집사,너무 사랑스런 고양이와 따뜻한 사람들의 이야기를 보며 감동 만,8
57,비바리움,내가 50년간 봤던 영화중 최악이,9
58,어메이징 스파이더맨,샘스파보다 발전한 볼,9
59,인질,진짜 할거없으신뷴들은 보세요. ^^ 시간이 넘 아까운...,10
60,언포기버블,영화의  단조로운 스토리를  긴장감있,10
61,인질,납치범 대가리가 영화 다조지네;; 집중이안되네..,6
62,롱 리브 더 킹: 목포 영웅,,10
63,싱크홀,싱크홀 별로라는 말이 많던데 그래도 제가 좋아하는 장르에 배우분들도 좋아하는 분들이라 꼭 보고 싶던거라 이제 봤네요 근데 진심 너무 웃기고 재밌는데요? 쫄깃하고 슬프고 감동적인 부분도 있고 좋아요 특히 광수님이 진짜 너무 웃겨요 그냥 런닝맨 보는 거 같음ㅋㅋㅋㅋ또 좋아하는 이학주 남다름 김성균님도 나오셔서.. 아 너무 좋게 봤어요 저는ㅎ,10
64,아수라,찢었다...모든게 찢었다.,10
65,고양이 집사,방금 봤는데 너무 감동 깊게 봤습니다! 우리나라도 독일처럼 동물보호법 강화되서 더이상 버려지는 아이들이 없기를.. 길위의 아이들 모두 따듯한 손길에 행복하기를.. 영화처럼 세상 모든사람들이 따듯하고 좋은분들만 계시다면 얼마나 좋을까요? 출연해주신 냥이 챙겨주시는 모든분들 감사합니다! 복 많이 받으시고 행복하세요! 덕분에 참 마음 따듯하게 봤습니다!,10
66,고양이 집사,너무 사랑스런 고양이와 따뜻한 사람들의 이야기를 보며 감동 만,8
67,비바리움,내가 50년간 봤던 영화중 최악이,9
68,어메이징 스파이더맨,샘스파보다 발전한 볼,9
69,인질,진짜 할거없으신뷴들은 보세요. ^^ 시간이 넘 아까운...,10
70,언포기버블,영화의  단조로운 스토리를  긴장감있,10
71,인질,납치범 대가리가 영화 다조지네;; 집중이안되네..,6
72,롱 리브 더 킹: 목포 영웅,,10
73,싱크홀,싱크홀 별로라는 말이 많던데 그래도 제가 좋아하는 장르에 배우분들도 좋아하는 분들이라 꼭 보고 싶던거라 이제 봤네요 근데 진심 너무 웃기고 재밌는데요? 쫄깃하고 슬프고 감동적인 부분도 있고 좋아요 특히 광수님이 진짜 너무 웃겨요 그냥 런닝맨 보는 거 같음ㅋㅋㅋㅋ또 좋아하는 이학주 남다름 김성균님도 나오셔서.. 아 너무 좋게 봤어요 저는ㅎ,10
74,아수라,찢었다...모든게 찢었다.,10
75,고양이 집사,방금 봤는데 너무 감동 깊게 봤습니다! 우리나라도 독일처럼 동물보호법 강화되서 더이상 버려지는 아이들이 없기를.. 길위의 아이들 모두 따듯한 손길에 행복하기를.. 영화처럼 세상 모든사람들이 따듯하고 좋은분들만 계시다면 얼마나 좋을까요? 출연해주신 냥이 챙겨주시는 모든분들 감사합니다! 복 많이 받으시고 행복하세요! 덕분에 참 마음 따듯하게 봤습니다!,10
76,고양이 집사,너무 사랑스런 고양이와 따뜻한 사람들의 이야기를 보며 감동 만,8
77,비바리움,내가 50년간 봤던 영화중 최악이,9
78,어메이징 스파이더맨,샘스파보다 발전한 볼,9
79,인질,진짜 할거없으신뷴들은 보세요. ^^ 시간이 넘 아까운...,10
80,언포기버블,영화의  단조로운 스토리를  긴장감있,10
81,인질,납치범 대가리가 영화 다조지네;; 집중이안되네..,6
82,롱 리브 더 킹: 목포 영웅,,10
83,싱크홀,싱크홀 별로라는 말이 많던데 그래도 제가 좋아하는 장르에 배우분들도 좋아하는 분들이라 꼭 보고 싶던거라 이제 봤네요 근데 진심 너무 웃기고 재밌는데요? 쫄깃하고 슬프고 감동적인 부분도 있고 좋아요 특히 광수님이 진짜 너무 웃겨요 그냥 런닝맨 보는 거 같음ㅋㅋㅋㅋ또 좋아하는 이학주 남다름 김성균님도 나오셔서.. 아 너무 좋게 봤어요 저는ㅎ,10
84,아수라,찢었다...모든게 찢었다.,10
85,고양이 집사,방금 봤는데 너무 감동 깊게 봤습니다! 우리나라도 독일처럼 동물보호법 강화되서 더이상 버려지는 아이들이 없기를.. 길위의 아이들 모두 따듯한 손길에 행복하기를.. 영화처럼 세상 모든사람들이 따듯하고 좋은분들만 계시다면 얼마나 좋을까요? 출연해주신 냥이 챙겨주시는 모든분들 감사합니다! 복 많이 받으시고 행복하세요! 덕분에 참 마음 따듯하게 봤습니다!,10
86,고양이 집사,너무 사랑스런 고양이와 따뜻한 사람들의 이야기를 보며 감동 만,8
87,비바리움,내가 50년간 봤던 영화중 최악이,9
88,어메이징 스파이더맨,샘스파보다 발전한 볼,9
89,인질,진짜 할거없으신뷴들은 보세요. ^^ 시간이 넘 아까운...,10
90,언포기버블,영화의  단조로운 스토리를  긴장감있,10
91,인질,납치범 대가리가 영화 다조지네;; 집중이안되네..,6
92,롱 리브 더 킹: 목포 영웅,,10
93,싱크홀,싱크홀 별로라는 말이 많던데 그래도 제가 좋아하는 장르에 배우분들도 좋아하는 분들이라 꼭 보고 싶던거라 이제 봤네요 근데 진심 너무 웃기고 재밌는데요? 쫄깃하고 슬프고 감동적인 부분도 있고 좋아요 특히 광수님이 진짜 너무 웃겨요 그냥 런닝맨 보는 거 같음ㅋㅋㅋㅋ또 좋아하는 이학주 남다름 김성균님도 나오셔서.. 아 너무 좋게 봤어요 저는ㅎ,10
94,아수라,찢었다...모든게 찢었다.,10
95,고양이 집사,방금 봤는데 너무 감동 깊게 봤습니다! 우리나라도 독일처럼 동물보호법 강화되서 더이상 버려지는 아이들이 없기를.. 길위의 아이들 모두 따듯한 손길에 행복하기를.. 영화처럼 세상 모든사람들이 따듯하고 좋은분들만 계시다면 얼마나 좋을까요? 출연해주신 냥이 챙겨주시는 모든분들 감사합니다! 복 많이 받으시고 행복하세요! 덕분에 참 마음 따듯하게 봤습니다!,10
96,고양이 집사,너무 사랑스런 고양이와 따뜻한 사람들의 이야기를 보며 감동 만,8
97,비바리움,내가 50년간 봤던 영화중 최악이,9
98,어메이징 스파이더맨,샘스파보다 발전한 볼,9
99,인질,진짜 할거없으신뷴들은 보세요. ^^ 시간이 넘 아까운...,10
100,언포기버블,영화의  단조로운 스토리를  긴장감있,10
101,인질,납치범 대가리가 영화 다조지네;; 집중이안되네..,6
102,롱 리브 더 킹: 목포 영웅,,10
103,싱크홀,싱크홀 별로라는 말이 많던데 그래도 제가 좋아하는 장르에 배우분들도 좋아하는 분들이라 꼭 보고 싶던거라 이제 봤네요 근데 진심 너무 웃기고 재밌는데요? 쫄깃하고 슬프고 감동적인 부분도 있고 좋아요 특히 광수님이 진짜 너무 웃겨요 그냥 런닝맨 보는 거 같음ㅋㅋㅋㅋ또 좋아하는 이학주 남다름 김성균님도 나오셔서.. 아 너무 좋게 봤어요 저는ㅎ,10
104,아수라,찢었다...모든게 찢었다.,10
105,고양이 집사,방금 봤는데 너무 감동 깊게 봤습니다! 우리나라도 독일처럼 동물보호법 강화되서 더이상 버려지는 아이들이 없기를.. 길위의 아이들 모두 따듯한 손길에 행복하기를.. 영화처럼 세상 모든사람들이 따듯하고 좋은분들만 계시다면 얼마나 좋을까요? 출연해주신 냥이 챙겨주시는 모든분들 감사합니다! 복 많이 받으시고 행복하세요! 덕분에 참 마음 따듯하게 봤습니다!,10
106,고양이 집사,너무 사랑스런 고양이와 따뜻한 사람들의 이야기를 보며 감동 만,8
107,비바리움,내가 50년간 봤던 영화중 최악이,9
108,어메이징 스파이더맨,샘스파보다 발전한 볼,9
109,인질,진짜 할거없으신뷴들은 보세요. ^^ 시간이 넘 아까운...,10
110,언포기버블,영화의  단조로운 스토리를  긴장감있,10
111,인질,납치범 대가리가 영화 다조지네;; 집중이안되네..,6
112,롱 리브 더 킹: 목포 영웅,,10
113,싱크홀,싱크홀 별로라는 말이 많던데 그래도 제가 좋아하는 장르에 배우분들도 좋아하는 분들이라 꼭 보고 싶던거라 이제 봤네요 근데 진심 너무 웃기고 재밌는데요? 쫄깃하고 슬프고 감동적인 부분도 있고 좋아요 특히 광수님이 진짜 너무 웃겨요 그냥 런닝맨 보는 거 같음ㅋㅋㅋㅋ또 좋아하는 이학주 남다름 김성균님도 나오셔서.. 아 너무 좋게 봤어요 저는ㅎ,10
114,아수라,찢었다...모든게 찢었다.,10
115,고양이 집사,방금 봤는데 너무 감동 깊게 봤습니다! 우리나라도 독일처럼 동물보호법 강화되서 더이상 버려지는 아이들이 없기를.. 길위의 아이들 모두 따듯한 손길에 행복하기를.. 영화처럼 세상 모든사람들이 따듯하고 좋은분들만 계시다면 얼마나 좋을까요? 출연해주신 냥이 챙겨주시는 모든분들 감사합니다! 복 많이 받으시고 행복하세요! 덕분에 참 마음 따듯하게 봤습니다!,10
116,고양이 집사,너무 사랑스런 고양이와 따뜻한 사람들의 이야기를 보며 감동 만,8
117,비바리움,내가 50년간 봤던 영화중 최악이,9
118,어메이징 스파이더맨,샘스파보다 발전한 볼,9
119,인질,진짜 할거없으신뷴들은 보세요. ^^ 시간이 넘 아까운...,10
120,언포기버블,영화의  단조로운 스토리를  긴장감있,10
121,인질,납치범 대가리가 영화 다조지네;; 집중이안되네..,6
122,롱 리브 더 킹: 목포 영웅,,10
123,싱크홀,싱크홀 별로라는 말이 많던데 그래도 제가 좋아하는 장르에 배우분들도 좋아하는 분들이라 꼭 보고 싶던거라 이제 봤네요 근데 진심 너무 웃기고 재밌는데요? 쫄깃하고 슬프고 감동적인 부분도 있고 좋아요 특히 광수님이 진짜 너무 웃겨요 그냥 런닝맨 보는 거 같음ㅋㅋㅋㅋ또 좋아하는 이학주 남다름 김성균님도 나오셔서.. 아 너무 좋게 봤어요 저는ㅎ,10
124,아수라,찢었다...모든게 찢었다.,10
125,고양이 집사,방금 봤는데 너무 감동 깊게 봤습니다! 우리나라도 독일처럼 동물보호법 강화되서 더이상 버려지는 아이들이 없기를.. 길위의 아이들 모두 따듯한 손길에 행복하기를.. 영화처럼 세상 모든사람들이 따듯하고 좋은분들만 계시다면 얼마나 좋을까요? 출연해주신 냥이 챙겨주시는 모든분들 감사합니다! 복 많이 받으시고 행복하세요! 덕분에 참 마음 따듯하게 봤습니다!,10
126,고양이 집사,너무 사랑스런 고양이와 따뜻한 사람들의 이야기를 보며 감동 만,8
127,비바리움,내가 50년간 봤던 영화중 최악이,9
128,어메이징 스파이더맨,샘스파보다 발전한 볼,9
129,인질,진짜 할거없으신뷴들은 보세요. ^^ 시간이 넘 아까운...,10
130,언포기버블,영화의  단조로운 스토리를  긴장감있,10
131,인질,납치범 대가리가 영화 다조지네;; 집중이안되네..,6
132,롱 리브 더 킹: 목포 영웅,,10
133,싱크홀,싱크홀 별로라는 말이 많던데 그래도 제가 좋아하는 장르에 배우분들도 좋아하는 분들이라 꼭 보고 싶던거라 이제 봤네요 근데 진심 너무 웃기고 재밌는데요? 쫄깃하고 슬프고 감동적인 부분도 있고 좋아요 특히 광수님이 진짜 너무 웃겨요 그냥 런닝맨 보는 거 같음ㅋㅋㅋㅋ또 좋아하는 이학주 남다름 김성균님도 나오셔서.. 아 너무 좋게 봤어요 저는ㅎ,10
134,아수라,찢었다...모든게 찢었다.,10
135,고양이 집사,방금 봤는데 너무 감동 깊게 봤습니다! 우리나라도 독일처럼 동물보호법 강화되서 더이상 버려지는 아이들이 없기를.. 길위의 아이들 모두 따듯한 손길에 행복하기를.. 영화처럼 세상 모든사람들이 따듯하고 좋은분들만 계시다면 얼마나 좋을까요? 출연해주신 냥이 챙겨주시는 모든분들 감사합니다! 복 많이 받으시고 행복하세요! 덕분에 참 마음 따듯하게 봤습니다!,10
136,고양이 집사,너무 사랑스런 고양이와 따뜻한 사람들의 이야기를 보며 감동 만,8
137,비바리움,내가 50년간 봤던 영화중 최악이,9
138,어메이징 스파이더맨,샘스파보다 발전한 볼,9
139,인질,진짜 할거없으신뷴들은 보세요. ^^ 시간이 넘 아까운...,10
140,언포기버블,영화의  단조로운 스토리를  긴장감있,10
141,인질,납치범 대가리가 영화 다조지네;; 집중이안되네..,6
142,롱 리브 더 킹: 목포 영웅,,10
143,싱크홀,싱크홀 별로라는 말이 많던데 그래도 제가 좋아하는 장르에 배우분들도 좋아하는 분들이라 꼭 보고 싶던거라 이제 봤네요 근데 진심 너무 웃기고 재밌는데요? 쫄깃하고 슬프고 감동적인 부분도 있고 좋아요 특히 광수님이 진짜 너무 웃겨요 그냥 런닝맨 보는 거 같음ㅋㅋㅋㅋ또 좋아하는 이학주 남다름 김성균님도 나오셔서.. 아 너무 좋게 봤어요 저는ㅎ,10
144,아수라,찢었다...모든게 찢었다.,10
145,고양이 집사,방금 봤는데 너무 감동 깊게 봤습니다! 우리나라도 독일처럼 동물보호법 강화되서 더이상 버려지는 아이들이 없기를.. 길위의 아이들 모두 따듯한 손길에 행복하기를.. 영화처럼 세상 모든사람들이 따듯하고 좋은분들만 계시다면 얼마나 좋을까요? 출연해주신 냥이 챙겨주시는 모든분들 감사합니다! 복 많이 받으시고 행복하세요! 덕분에 참 마음 따듯하게 봤습니다!,10
146,고양이 집사,너무 사랑스런 고양이와 따뜻한 사람들의 이야기를 보며 감동 만,8
147,비바리움,내가 50년간 봤던 영화중 최악이,9
148,어메이징 스파이더맨,샘스파보다 발전한 볼,9
149,인질,진짜 할거없으신뷴들은 보세요. ^^ 시간이 넘 아까운...,10
150,미드소마,문화 차이. 미리 말을 하던,10
151,언포기버블,영화의  단조로운 스토리를  긴장감있,6
152,인질,납치범 대가리가 영화 다조지네;; 집중이안되네..,10
153,롱 리브 더 킹: 목포 영웅,,10
154,싱크홀,싱크홀 별로라는 말이 많던데 그래도 제가 좋아하는 장르에 배우분들도 좋아하는 분들이라 꼭 보고 싶던거라 이제 봤네요 근데 진심 너무 웃기고 재밌는데요? 쫄깃하고 슬프고 감동적인 부분도 있고 좋아요 특히 광수님이 진짜 너무 웃겨요 그냥 런닝맨 보는 거 같음ㅋㅋㅋㅋ또 좋아하는 이학주 남다름 김성균님도 나오셔서.. 아 너무 좋게 봤어요 저는ㅎ,10
155,아수라,찢었다...모든게 찢었다.,10
156,고양이 집사,방금 봤는데 너무 감동 깊게 봤습니다! 우리나라도 독일처럼 동물보호법 강화되서 더이상 버려지는 아이들이 없기를.. 길위의 아이들 모두 따듯한 손길에 행복하기를.. 영화처럼 세상 모든사람들이 따듯하고 좋은분들만 계시다면 얼마나 좋을까요? 출연해주신 냥이 챙겨주시는 모든분들 감사합니다! 복 많이 받으시고 행복하세요! 덕분에 참 마음 따듯하게 봤습니다!,8
157,고양이 집사,너무 사랑스런 고양이와 따뜻한 사람들의 이야기를 보며 감동 만,9
158,비바리움,내가 50년간 봤던 영화중 최악이,9
159,어메이징 스파이더맨,샘스파보다 발전한 볼,10
160,미드소마,문화 차이. 미리 말을 하던,10
161,언포기버블,영화의  단조로운 스토리를  긴장감있,6
162,인질,납치범 대가리가 영화 다조지네;; 집중이안되네..,10
163,롱 리브 더 킹: 목포 영웅,,10
164,싱크홀,싱크홀 별로라는 말이 많던데 그래도 제가 좋아하는 장르에 배우분들도 좋아하는 분들이라 꼭 보고 싶던거라 이제 봤네요 근데 진심 너무 웃기고 재밌는데요? 쫄깃하고 슬프고 감동적인 부분도 있고 좋아요 특히 광수님이 진짜 너무 웃겨요 그냥 런닝맨 보는 거 같음ㅋㅋㅋㅋ또 좋아하는 이학주 남다름 김성균님도 나오셔서.. 아 너무 좋게 봤어요 저는ㅎ,10
165,아수라,찢었다...모든게 찢었다.,10
166,고양이 집사,방금 봤는데 너무 감동 깊게 봤습니다! 우리나라도 독일처럼 동물보호법 강화되서 더이상 버려지는 아이들이 없기를.. 길위의 아이들 모두 따듯한 손길에 행복하기를.. 영화처럼 세상 모든사람들이 따듯하고 좋은분들만 계시다면 얼마나 좋을까요? 출연해주신 냥이 챙겨주시는 모든분들 감사합니다! 복 많이 받으시고 행복하세요! 덕분에 참 마음 따듯하게 봤습니다!,8
167,고양이 집사,너무 사랑스런 고양이와 따뜻한 사람들의 이야기를 보며 감동 만,9
168,비바리움,내가 50년간 봤던 영화중 최악이,9
169,어메이징 스파이더맨,샘스파보다 발전한 볼,10
170,미드소마,문화 차이. 미리 말을 하던,10
171,언포기버블,영화의  단조로운 스토리를  긴장감있,6
172,인질,납치범 대가리가 영화 다조지네;; 집중이안되네..,10
173,롱 리브 더 킹: 목포 영웅,,10
174,싱크홀,싱크홀 별로라는 말이 많던데 그래도 제가 좋아하는 장르에 배우분들도 좋아하는 분들이라 꼭 보고 싶던거라 이제 봤네요 근데 진심 너무 웃기고 재밌는데요? 쫄깃하고 슬프고 감동적인 부분도 있고 좋아요 특히 광수님이 진짜 너무 웃겨요 그냥 런닝맨 보는 거 같음ㅋㅋㅋㅋ또 좋아하는 이학주 남다름 김성균님도 나오셔서.. 아 너무 좋게 봤어요 저는ㅎ,10
175,아수라,찢었다...모든게 찢었다.,10
176,고양이 집사,방금 봤는데 너무 감동 깊게 봤습니다! 우리나라도 독일처럼 동물보호법 강화되서 더이상 버려지는 아이들이 없기를.. 길위의 아이들 모두 따듯한 손길에 행복하기를.. 영화처럼 세상 모든사람들이 따듯하고 좋은분들만 계시다면 얼마나 좋을까요? 출연해주신 냥이 챙겨주시는 모든분들 감사합니다! 복 많이 받으시고 행복하세요! 덕분에 참 마음 따듯하게 봤습니다!,8
177,고양이 집사,너무 사랑스런 고양이와 따뜻한 사람들의 이야기를 보며 감동 만,9
178,비바리움,내가 50년간 봤던 영화중 최악이,9
179,어메이징 스파이더맨,샘스파보다 발전한 볼,10
180,미드소마,문화 차이. 미리 말을 하던,10
181,언포기버블,영화의  단조로운 스토리를  긴장감있,6
182,인질,납치범 대가리가 영화 다조지네;; 집중이안되네..,10
183,롱 리브 더 킹: 목포 영웅,,10
184,싱크홀,싱크홀 별로라는 말이 많던데 그래도 제가 좋아하는 장르에 배우분들도 좋아하는 분들이라 꼭 보고 싶던거라 이제 봤네요 근데 진심 너무 웃기고 재밌는데요? 쫄깃하고 슬프고 감동적인 부분도 있고 좋아요 특히 광수님이 진짜 너무 웃겨요 그냥 런닝맨 보는 거 같음ㅋㅋㅋㅋ또 좋아하는 이학주 남다름 김성균님도 나오셔서.. 아 너무 좋게 봤어요 저는ㅎ,10
185,아수라,찢었다...모든게 찢었다.,10
186,고양이 집사,방금 봤는데 너무 감동 깊게 봤습니다! 우리나라도 독일처럼 동물보호법 강화되서 더이상 버려지는 아이들이 없기를.. 길위의 아이들 모두 따듯한 손길에 행복하기를.. 영화처럼 세상 모든사람들이 따듯하고 좋은분들만 계시다면 얼마나 좋을까요? 출연해주신 냥이 챙겨주시는 모든분들 감사합니다! 복 많이 받으시고 행복하세요! 덕분에 참 마음 따듯하게 봤습니다!,8
187,고양이 집사,너무 사랑스런 고양이와 따뜻한 사람들의 이야기를 보며 감동 만,9
188,비바리움,내가 50년간 봤던 영화중 최악이,9
189,어메이징 스파이더맨,샘스파보다 발전한 볼,10
190,미드소마,문화 차이. 미리 말을 하던,10
191,언포기버블,영화의  단조로운 스토리를  긴장감있,6
192,인질,납치범 대가리가 영화 다조지네;; 집중이안되네..,10
193,롱 리브 더 킹: 목포 영웅,,10
194,싱크홀,싱크홀 별로라는 말이 많던데 그래도 제가 좋아하는 장르에 배우분들도 좋아하는 분들이라 꼭 보고 싶던거라 이제 봤네요 근데 진심 너무 웃기고 재밌는데요? 쫄깃하고 슬프고 감동적인 부분도 있고 좋아요 특히 광수님이 진짜 너무 웃겨요 그냥 런닝맨 보는 거 같음ㅋㅋㅋㅋ또 좋아하는 이학주 남다름 김성균님도 나오셔서.. 아 너무 좋게 봤어요 저는ㅎ,10
195,아수라,찢었다...모든게 찢었다.,10
196,고양이 집사,방금 봤는데 너무 감동 깊게 봤습니다! 우리나라도 독일처럼 동물보호법 강화되서 더이상 버려지는 아이들이 없기를.. 길위의 아이들 모두 따듯한 손길에 행복하기를.. 영화처럼 세상 모든사람들이 따듯하고 좋은분들만 계시다면 얼마나 좋을까요? 출연해주신 냥이 챙겨주시는 모든분들 감사합니다! 복 많이 받으시고 행복하세요! 덕분에 참 마음 따듯하게 봤습니다!,8
197,고양이 집사,너무 사랑스런 고양이와 따뜻한 사람들의 이야기를 보며 감동 만,9
198,비바리움,내가 50년간 봤던 영화중 최악이,9
199,어메이징 스파이더맨,샘스파보다 발전한 볼,10
200,미드소마,문화 차이. 미리 말을 하던,10
201,언포기버블,영화의  단조로운 스토리를  긴장감있,6
202,인질,납치범 대가리가 영화 다조지네;; 집중이안되네..,10
203,롱 리브 더 킹: 목포 영웅,,10
204,싱크홀,싱크홀 별로라는 말이 많던데 그래도 제가 좋아하는 장르에 배우분들도 좋아하는 분들이라 꼭 보고 싶던거라 이제 봤네요 근데 진심 너무 웃기고 재밌는데요? 쫄깃하고 슬프고 감동적인 부분도 있고 좋아요 특히 광수님이 진짜 너무 웃겨요 그냥 런닝맨 보는 거 같음ㅋㅋㅋㅋ또 좋아하는 이학주 남다름 김성균님도 나오셔서.. 아 너무 좋게 봤어요 저는ㅎ,10
205,아수라,찢었다...모든게 찢었다.,10
206,고양이 집사,방금 봤는데 너무 감동 깊게 봤습니다! 우리나라도 독일처럼 동물보호법 강화되서 더이상 버려지는 아이들이 없기를.. 길위의 아이들 모두 따듯한 손길에 행복하기를.. 영화처럼 세상 모든사람들이 따듯하고 좋은분들만 계시다면 얼마나 좋을까요? 출연해주신 냥이 챙겨주시는 모든분들 감사합니다! 복 많이 받으시고 행복하세요! 덕분에 참 마음 따듯하게 봤습니다!,8
207,고양이 집사,너무 사랑스런 고양이와 따뜻한 사람들의 이야기를 보며 감동 만,9
208,비바리움,내가 50년간 봤던 영화중 최악이,9
209,어메이징 스파이더맨,샘스파보다 발전한 볼,10
210,미드소마,문화 차이. 미리 말을 하던,10
211,언포기버블,영화의  단조로운 스토리를  긴장감있,6
212,인질,납치범 대가리가 영화 다조지네;; 집중이안되네..,10
213,롱 리브 더 킹: 목포 영웅,,10
214,싱크홀,싱크홀 별로라는 말이 많던데 그래도 제가 좋아하는 장르에 배우분들도 좋아하는 분들이라 꼭 보고 싶던거라 이제 봤네요 근데 진심 너무 웃기고 재밌는데요? 쫄깃하고 슬프고 감동적인 부분도 있고 좋아요 특히 광수님이 진짜 너무 웃겨요 그냥 런닝맨 보는 거 같음ㅋㅋㅋㅋ또 좋아하는 이학주 남다름 김성균님도 나오셔서.. 아 너무 좋게 봤어요 저는ㅎ,10
215,아수라,찢었다...모든게 찢었다.,10
216,고양이 집사,방금 봤는데 너무 감동 깊게 봤습니다! 우리나라도 독일처럼 동물보호법 강화되서 더이상 버려지는 아이들이 없기를.. 길위의 아이들 모두 따듯한 손길에 행복하기를.. 영화처럼 세상 모든사람들이 따듯하고 좋은분들만 계시다면 얼마나 좋을까요? 출연해주신 냥이 챙겨주시는 모든분들 감사합니다! 복 많이 받으시고 행복하세요! 덕분에 참 마음 따듯하게 봤습니다!,8
217,고양이 집사,너무 사랑스런 고양이와 따뜻한 사람들의 이야기를 보며 감동 만,9
218,비바리움,내가 50년간 봤던 영화중 최악이,9
219,어메이징 스파이더맨,샘스파보다 발전한 볼,10
220,미드소마,문화 차이. 미리 말을 하던,10
221,언포기버블,영화의  단조로운 스토리를  긴장감있,6
222,인질,납치범 대가리가 영화 다조지네;; 집중이안되네..,10
223,롱 리브 더 킹: 목포 영웅,,10
224,싱크홀,싱크홀 별로라는 말이 많던데 그래도 제가 좋아하는 장르에 배우분들도 좋아하는 분들이라 꼭 보고 싶던거라 이제 봤네요 근데 진심 너무 웃기고 재밌는데요? 쫄깃하고 슬프고 감동적인 부분도 있고 좋아요 특히 광수님이 진짜 너무 웃겨요 그냥 런닝맨 보는 거 같음ㅋㅋㅋㅋ또 좋아하는 이학주 남다름 김성균님도 나오셔서.. 아 너무 좋게 봤어요 저는ㅎ,10
225,아수라,찢었다...모든게 찢었다.,10
226,고양이 집사,방금 봤는데 너무 감동 깊게 봤습니다! 우리나라도 독일처럼 동물보호법 강화되서 더이상 버려지는 아이들이 없기를.. 길위의 아이들 모두 따듯한 손길에 행복하기를.. 영화처럼 세상 모든사람들이 따듯하고 좋은분들만 계시다면 얼마나 좋을까요? 출연해주신 냥이 챙겨주시는 모든분들 감사합니다! 복 많이 받으시고 행복하세요! 덕분에 참 마음 따듯하게 봤습니다!,8
227,고양이 집사,너무 사랑스런 고양이와 따뜻한 사람들의 이야기를 보며 감동 만,9
228,비바리움,내가 50년간 봤던 영화중 최악이,9
229,어메이징 스파이더맨,샘스파보다 발전한 볼,10
230,미드소마,문화 차이. 미리 말을 하던,10
231,언포기버블,영화의  단조로운 스토리를  긴장감있,6
232,인질,납치범 대가리가 영화 다조지네;; 집중이안되네..,10
233,롱 리브 더 킹: 목포 영웅,,10
234,싱크홀,싱크홀 별로라는 말이 많던데 그래도 제가 좋아하는 장르에 배우분들도 좋아하는 분들이라 꼭 보고 싶던거라 이제 봤네요 근데 진심 너무 웃기고 재밌는데요? 쫄깃하고 슬프고 감동적인 부분도 있고 좋아요 특히 광수님이 진짜 너무 웃겨요 그냥 런닝맨 보는 거 같음ㅋㅋㅋㅋ또 좋아하는 이학주 남다름 김성균님도 나오셔서.. 아 너무 좋게 봤어요 저는ㅎ,10
235,아수라,찢었다...모든게 찢었다.,10
236,고양이 집사,방금 봤는데 너무 감동 깊게 봤습니다! 우리나라도 독일처럼 동물보호법 강화되서 더이상 버려지는 아이들이 없기를.. 길위의 아이들 모두 따듯한 손길에 행복하기를.. 영화처럼 세상 모든사람들이 따듯하고 좋은분들만 계시다면 얼마나 좋을까요? 출연해주신 냥이 챙겨주시는 모든분들 감사합니다! 복 많이 받으시고 행복하세요! 덕분에 참 마음 따듯하게 봤습니다!,8
237,고양이 집사,너무 사랑스런 고양이와 따뜻한 사람들의 이야기를 보며 감동 만,9
238,비바리움,내가 50년간 봤던 영화중 최악이,9
239,어메이징 스파이더맨,샘스파보다 발전한 볼,10
240,미드소마,문화 차이. 미리 말을 하던,10
241,언포기버블,영화의  단조로운 스토리를  긴장감있,6
242,인질,납치범 대가리가 영화 다조지네;; 집중이안되네..,10
243,롱 리브 더 킹: 목포 영웅,,10
244,싱크홀,싱크홀 별로라는 말이 많던데 그래도 제가 좋아하는 장르에 배우분들도 좋아하는 분들이라 꼭 보고 싶던거라 이제 봤네요 근데 진심 너무 웃기고 재밌는데요? 쫄깃하고 슬프고 감동적인 부분도 있고 좋아요 특히 광수님이 진짜 너무 웃겨요 그냥 런닝맨 보는 거 같음ㅋㅋㅋㅋ또 좋아하는 이학주 남다름 김성균님도 나오셔서.. 아 너무 좋게 봤어요 저는ㅎ,10
245,아수라,찢었다...모든게 찢었다.,10
246,고양이 집사,방금 봤는데 너무 감동 깊게 봤습니다! 우리나라도 독일처럼 동물보호법 강화되서 더이상 버려지는 아이들이 없기를.. 길위의 아이들 모두 따듯한 손길에 행복하기를.. 영화처럼 세상 모든사람들이 따듯하고 좋은분들만 계시다면 얼마나 좋을까요? 출연해주신 냥이 챙겨주시는 모든분들 감사합니다! 복 많이 받으시고 행복하세요! 덕분에 참 마음 따듯하게 봤습니다!,8
247,고양이 집사,너무 사랑스런 고양이와 따뜻한 사람들의 이야기를 보며 감동 만,9
248,비바리움,내가 50년간 봤던 영화중 최악이,9
249,어메이징 스파이더맨,샘스파보다 발전한 볼,10
250,미드소마,문화 차이. 미리 말을 하던,10
251,언포기버블,영화의  단조로운 스토리를  긴장감있,6
252,인질,납치범 대가리가 영화 다조지네;; 집중이안되네..,10
253,롱 리브 더 킹: 목포 영웅,,10
254,싱크홀,싱크홀 별로라는 말이 많던데 그래도 제가 좋아하는 장르에 배우분들도 좋아하는 분들이라 꼭 보고 싶던거라 이제 봤네요 근데 진심 너무 웃기고 재밌는데요? 쫄깃하고 슬프고 감동적인 부분도 있고 좋아요 특히 광수님이 진짜 너무 웃겨요 그냥 런닝맨 보는 거 같음ㅋㅋㅋㅋ또 좋아하는 이학주 남다름 김성균님도 나오셔서.. 아 너무 좋게 봤어요 저는ㅎ,10
255,아수라,찢었다...모든게 찢었다.,10
256,고양이 집사,방금 봤는데 너무 감동 깊게 봤습니다! 우리나라도 독일처럼 동물보호법 강화되서 더이상 버려지는 아이들이 없기를.. 길위의 아이들 모두 따듯한 손길에 행복하기를.. 영화처럼 세상 모든사람들이 따듯하고 좋은분들만 계시다면 얼마나 좋을까요? 출연해주신 냥이 챙겨주시는 모든분들 감사합니다! 복 많이 받으시고 행복하세요! 덕분에 참 마음 따듯하게 봤습니다!,8
257,고양이 집사,너무 사랑스런 고양이와 따뜻한 사람들의 이야기를 보며 감동 만,9
258,비바리움,내가 50년간 봤던 영화중 최악이,9
259,어메이징 스파이더맨,샘스파보다 발전한 볼,10
260,미드소마,문화 차이. 미리 말을 하던,10
261,언포기버블,영화의  단조로운 스토리를  긴장감있,6
262,인질,납치범 대가리가 영화 다조지네;; 집중이안되네..,10
263,롱 리브 더 킹: 목포 영웅,,10
264,싱크홀,싱크홀 별로라는 말이 많던데 그래도 제가 좋아하는 장르에 배우분들도 좋아하는 분들이라 꼭 보고 싶던거라 이제 봤네요 근데 진심 너무 웃기고 재밌는데요? 쫄깃하고 슬프고 감동적인 부분도 있고 좋아요 특히 광수님이 진짜 너무 웃겨요 그냥 런닝맨 보는 거 같음ㅋㅋㅋㅋ또 좋아하는 이학주 남다름 김성균님도 나오셔서.. 아 너무 좋게 봤어요 저는ㅎ,10
265,아수라,찢었다...모든게 찢었다.,10
266,고양이 집사,방금 봤는데 너무 감동 깊게 봤습니다! 우리나라도 독일처럼 동물보호법 강화되서 더이상 버려지는 아이들이 없기를.. 길위의 아이들 모두 따듯한 손길에 행복하기를.. 영화처럼 세상 모든사람들이 따듯하고 좋은분들만 계시다면 얼마나 좋을까요? 출연해주신 냥이 챙겨주시는 모든분들 감사합니다! 복 많이 받으시고 행복하세요! 덕분에 참 마음 따듯하게 봤습니다!,8
267,고양이 집사,너무 사랑스런 고양이와 따뜻한 사람들의 이야기를 보며 감동 만,9
268,비바리움,내가 50년간 봤던 영화중 최악이,9
269,어메이징 스파이더맨,샘스파보다 발전한 볼,10
270,미드소마,문화 차이. 미리 말을 하던,10
271,언포기버블,영화의  단조로운 스토리를  긴장감있,6
272,인질,납치범 대가리가 영화 다조지네;; 집중이안되네..,10
273,롱 리브 더 킹: 목포 영웅,,10
274,싱크홀,싱크홀 별로라는 말이 많던데 그래도 제가 좋아하는 장르에 배우분들도 좋아하는 분들이라 꼭 보고 싶던거라 이제 봤네요 근데 진심 너무 웃기고 재밌는데요? 쫄깃하고 슬프고 감동적인 부분도 있고 좋아요 특히 광수님이 진짜 너무 웃겨요 그냥 런닝맨 보는 거 같음ㅋㅋㅋㅋ또 좋아하는 이학주 남다름 김성균님도 나오셔서.. 아 너무 좋게 봤어요 저는ㅎ,10
275,아수라,찢었다...모든게 찢었다.,10
276,고양이 집사,방금 봤는데 너무 감동 깊게 봤습니다! 우리나라도 독일처럼 동물보호법 강화되서 더이상 버려지는 아이들이 없기를.. 길위의 아이들 모두 따듯한 손길에 행복하기를.. 영화처럼 세상 모든사람들이 따듯하고 좋은분들만 계시다면 얼마나 좋을까요? 출연해주신 냥이 챙겨주시는 모든분들 감사합니다! 복 많이 받으시고 행복하세요! 덕분에 참 마음 따듯하게 봤습니다!,8
277,고양이 집사,너무 사랑스런 고양이와 따뜻한 사람들의 이야기를 보며 감동 만,9
278,비바리움,내가 50년간 봤던 영화중 최악이,9
279,어메이징 스파이더맨,샘스파보다 발전한 볼,10
280,미드소마,문화 차이. 미리 말을 하던,10
281,언포기버블,영화의  단조로운 스토리를  긴장감있,6
282,인질,납치범 대가리가 영화 다조지네;; 집중이안되네..,10
283,롱 리브 더 킹: 목포 영웅,,10
284,싱크홀,싱크홀 별로라는 말이 많던데 그래도 제가 좋아하는 장르에 배우분들도 좋아하는 분들이라 꼭 보고 싶던거라 이제 봤네요 근데 진심 너무 웃기고 재밌는데요? 쫄깃하고 슬프고 감동적인 부분도 있고 좋아요 특히 광수님이 진짜 너무 웃겨요 그냥 런닝맨 보는 거 같음ㅋㅋㅋㅋ또 좋아하는 이학주 남다름 김성균님도 나오셔서.. 아 너무 좋게 봤어요 저는ㅎ,10
285,아수라,찢었다...모든게 찢었다.,10
286,고양이 집사,방금 봤는데 너무 감동 깊게 봤습니다! 우리나라도 독일처럼 동물보호법 강화되서 더이상 버려지는 아이들이 없기를.. 길위의 아이들 모두 따듯한 손길에 행복하기를.. 영화처럼 세상 모든사람들이 따듯하고 좋은분들만 계시다면 얼마나 좋을까요? 출연해주신 냥이 챙겨주시는 모든분들 감사합니다! 복 많이 받으시고 행복하세요! 덕분에 참 마음 따듯하게 봤습니다!,8
287,고양이 집사,너무 사랑스런 고양이와 따뜻한 사람들의 이야기를 보며 감동 만,9
288,비바리움,내가 50년간 봤던 영화중 최악이,9
289,어메이징 스파이더맨,샘스파보다 발전한 볼,10
290,미드소마,문화 차이. 미리 말을 하던,10
291,언포기버블,영화의  단조로운 스토리를  긴장감있,6
292,인질,납치범 대가리가 영화 다조지네;; 집중이안되네..,10
293,롱 리브 더 킹: 목포 영웅,,10
294,싱크홀,싱크홀 별로라는 말이 많던데 그래도 제가 좋아하는 장르에 배우분들도 좋아하는 분들이라 꼭 보고 싶던거라 이제 봤네요 근데 진심 너무 웃기고 재밌는데요? 쫄깃하고 슬프고 감동적인 부분도 있고 좋아요 특히 광수님이 진짜 너무 웃겨요 그냥 런닝맨 보는 거 같음ㅋㅋㅋㅋ또 좋아하는 이학주 남다름 김성균님도 나오셔서.. 아 너무 좋게 봤어요 저는ㅎ,10
295,아수라,찢었다...모든게 찢었다.,10
296,고양이 집사,방금 봤는데 너무 감동 깊게 봤습니다! 우리나라도 독일처럼 동물보호법 강화되서 더이상 버려지는 아이들이 없기를.. 길위의 아이들 모두 따듯한 손길에 행복하기를.. 영화처럼 세상 모든사람들이 따듯하고 좋은분들만 계시다면 얼마나 좋을까요? 출연해주신 냥이 챙겨주시는 모든분들 감사합니다! 복 많이 받으시고 행복하세요! 덕분에 참 마음 따듯하게 봤습니다!,8
297,고양이 집사,너무 사랑스런 고양이와 따뜻한 사람들의 이야기를 보며 감동 만,9
298,비바리움,내가 50년간 봤던 영화중 최악이,9
299,어메이징 스파이더맨,샘스파보다 발전한 볼,10
300,미드소마,문화 차이. 미리 말을 하던,10
301,언포기버블,영화의  단조로운 스토리를  긴장감있,6
302,인질,납치범 대가리가 영화 다조지네;; 집중이안되네..,10
303,롱 리브 더 킹: 목포 영웅,,10
304,싱크홀,싱크홀 별로라는 말이 많던데 그래도 제가 좋아하는 장르에 배우분들도 좋아하는 분들이라 꼭 보고 싶던거라 이제 봤네요 근데 진심 너무 웃기고 재밌는데요? 쫄깃하고 슬프고 감동적인 부분도 있고 좋아요 특히 광수님이 진짜 너무 웃겨요 그냥 런닝맨 보는 거 같음ㅋㅋㅋㅋ또 좋아하는 이학주 남다름 김성균님도 나오셔서.. 아 너무 좋게 봤어요 저는ㅎ,10
305,아수라,찢었다...모든게 찢었다.,10
306,고양이 집사,방금 봤는데 너무 감동 깊게 봤습니다! 우리나라도 독일처럼 동물보호법 강화되서 더이상 버려지는 아이들이 없기를.. 길위의 아이들 모두 따듯한 손길에 행복하기를.. 영화처럼 세상 모든사람들이 따듯하고 좋은분들만 계시다면 얼마나 좋을까요? 출연해주신 냥이 챙겨주시는 모든분들 감사합니다! 복 많이 받으시고 행복하세요! 덕분에 참 마음 따듯하게 봤습니다!,8
307,고양이 집사,너무 사랑스런 고양이와 따뜻한 사람들의 이야기를 보며 감동 만,9
308,비바리움,내가 50년간 봤던 영화중 최악이,9
309,어메이징 스파이더맨,샘스파보다 발전한 볼,10
310,미드소마,문화 차이. 미리 말을 하던,10
311,언포기버블,영화의  단조로운 스토리를  긴장감있,6
312,인질,납치범 대가리가 영화 다조지네;; 집중이안되네..,10
313,롱 리브 더 킹: 목포 영웅,,10
314,싱크홀,싱크홀 별로라는 말이 많던데 그래도 제가 좋아하는 장르에 배우분들도 좋아하는 분들이라 꼭 보고 싶던거라 이제 봤네요 근데 진심 너무 웃기고 재밌는데요? 쫄깃하고 슬프고 감동적인 부분도 있고 좋아요 특히 광수님이 진짜 너무 웃겨요 그냥 런닝맨 보는 거 같음ㅋㅋㅋㅋ또 좋아하는 이학주 남다름 김성균님도 나오셔서.. 아 너무 좋게 봤어요 저는ㅎ,10
315,아수라,찢었다...모든게 찢었다.,10
316,고양이 집사,방금 봤는데 너무 감동 깊게 봤습니다! 우리나라도 독일처럼 동물보호법 강화되서 더이상 버려지는 아이들이 없기를.. 길위의 아이들 모두 따듯한 손길에 행복하기를.. 영화처럼 세상 모든사람들이 따듯하고 좋은분들만 계시다면 얼마나 좋을까요? 출연해주신 냥이 챙겨주시는 모든분들 감사합니다! 복 많이 받으시고 행복하세요! 덕분에 참 마음 따듯하게 봤습니다!,8
317,고양이 집사,너무 사랑스런 고양이와 따뜻한 사람들의 이야기를 보며 감동 만,9
318,비바리움,내가 50년간 봤던 영화중 최악이,9
319,어메이징 스파이더맨,샘스파보다 발전한 볼,10
320,미드소마,문화 차이. 미리 말을 하던,10
321,언포기버블,영화의  단조로운 스토리를  긴장감있,6
322,인질,납치범 대가리가 영화 다조지네;; 집중이안되네..,10
323,롱 리브 더 킹: 목포 영웅,,10
324,싱크홀,싱크홀 별로라는 말이 많던데 그래도 제가 좋아하는 장르에 배우분들도 좋아하는 분들이라 꼭 보고 싶던거라 이제 봤네요 근데 진심 너무 웃기고 재밌는데요? 쫄깃하고 슬프고 감동적인 부분도 있고 좋아요 특히 광수님이 진짜 너무 웃겨요 그냥 런닝맨 보는 거 같음ㅋㅋㅋㅋ또 좋아하는 이학주 남다름 김성균님도 나오셔서.. 아 너무 좋게 봤어요 저는ㅎ,10
325,아수라,찢었다...모든게 찢었다.,10
326,고양이 집사,방금 봤는데 너무 감동 깊게 봤습니다! 우리나라도 독일처럼 동물보호법 강화되서 더이상 버려지는 아이들이 없기를.. 길위의 아이들 모두 따듯한 손길에 행복하기를.. 영화처럼 세상 모든사람들이 따듯하고 좋은분들만 계시다면 얼마나 좋을까요? 출연해주신 냥이 챙겨주시는 모든분들 감사합니다! 복 많이 받으시고 행복하세요! 덕분에 참 마음 따듯하게 봤습니다!,8
327,고양이 집사,너무 사랑스런 고양이와 따뜻한 사람들의 이야기를 보며 감동 만,9
328,비바리움,내가 50년간 봤던 영화중 최악이,9
329,어메이징 스파이더맨,샘스파보다 발전한 볼,10
330,미드소마,문화 차이. 미리 말을 하던,10
331,언포기버블,영화의  단조로운 스토리를  긴장감있,6
332,인질,납치범 대가리가 영화 다조지네;; 집중이안되네..,10
333,롱 리브 더 킹: 목포 영웅,,10
334,싱크홀,싱크홀 별로라는 말이 많던데 그래도 제가 좋아하는 장르에 배우분들도 좋아하는 분들이라 꼭 보고 싶던거라 이제 봤네요 근데 진심 너무 웃기고 재밌는데요? 쫄깃하고 슬프고 감동적인 부분도 있고 좋아요 특히 광수님이 진짜 너무 웃겨요 그냥 런닝맨 보는 거 같음ㅋㅋㅋㅋ또 좋아하는 이학주 남다름 김성균님도 나오셔서.. 아 너무 좋게 봤어요 저는ㅎ,10
335,아수라,찢었다...모든게 찢었다.,10
336,고양이 집사,방금 봤는데 너무 감동 깊게 봤습니다! 우리나라도 독일처럼 동물보호법 강화되서 더이상 버려지는 아이들이 없기를.. 길위의 아이들 모두 따듯한 손길에 행복하기를.. 영화처럼 세상 모든사람들이 따듯하고 좋은분들만 계시다면 얼마나 좋을까요? 출연해주신 냥이 챙겨주시는 모든분들 감사합니다! 복 많이 받으시고 행복하세요! 덕분에 참 마음 따듯하게 봤습니다!,8
337,고양이 집사,너무 사랑스런 고양이와 따뜻한 사람들의 이야기를 보며 감동 만,9
338,비바리움,내가 50년간 봤던 영화중 최악이,9
339,어메이징 스파이더맨,샘스파보다 발전한 볼,10
340,미드소마,문화 차이. 미리 말을 하던,10
341,언포기버블,영화의  단조로운 스토리를  긴장감있,6
342,인질,납치범 대가리가 영화 다조지네;; 집중이안되네..,10
343,롱 리브 더 킹: 목포 영웅,,10
344,싱크홀,싱크홀 별로라는 말이 많던데 그래도 제가 좋아하는 장르에 배우분들도 좋아하는 분들이라 꼭 보고 싶던거라 이제 봤네요 근데 진심 너무 웃기고 재밌는데요? 쫄깃하고 슬프고 감동적인 부분도 있고 좋아요 특히 광수님이 진짜 너무 웃겨요 그냥 런닝맨 보는 거 같음ㅋㅋㅋㅋ또 좋아하는 이학주 남다름 김성균님도 나오셔서.. 아 너무 좋게 봤어요 저는ㅎ,10
345,아수라,찢었다...모든게 찢었다.,10
346,고양이 집사,방금 봤는데 너무 감동 깊게 봤습니다! 우리나라도 독일처럼 동물보호법 강화되서 더이상 버려지는 아이들이 없기를.. 길위의 아이들 모두 따듯한 손길에 행복하기를.. 영화처럼 세상 모든사람들이 따듯하고 좋은분들만 계시다면 얼마나 좋을까요? 출연해주신 냥이 챙겨주시는 모든분들 감사합니다! 복 많이 받으시고 행복하세요! 덕분에 참 마음 따듯하게 봤습니다!,8
347,고양이 집사,너무 사랑스런 고양이와 따뜻한 사람들의 이야기를 보며 감동 만,9
348,비바리움,내가 50년간 봤던 영화중 최악이,9
349,어메이징 스파이더맨,샘스파보다 발전한 볼,10
350,미드소마,문화 차이. 미리 말을 하던,10
351,언포기버블,영화의  단조로운 스토리를  긴장감있,6
352,인질,납치범 대가리가 영화 다조지네;; 집중이안되네..,10
353,롱 리브 더 킹: 목포 영웅,,10
354,싱크홀,싱크홀 별로라는 말이 많던데 그래도 제가 좋아하는 장르에 배우분들도 좋아하는 분들이라 꼭 보고 싶던거라 이제 봤네요 근데 진심 너무 웃기고 재밌는데요? 쫄깃하고 슬프고 감동적인 부분도 있고 좋아요 특히 광수님이 진짜 너무 웃겨요 그냥 런닝맨 보는 거 같음ㅋㅋㅋㅋ또 좋아하는 이학주 남다름 김성균님도 나오셔서.. 아 너무 좋게 봤어요 저는ㅎ,10
355,아수라,찢었다...모든게 찢었다.,10
356,고양이 집사,방금 봤는데 너무 감동 깊게 봤습니다! 우리나라도 독일처럼 동물보호법 강화되서 더이상 버려지는 아이들이 없기를.. 길위의 아이들 모두 따듯한 손길에 행복하기를.. 영화처럼 세상 모든사람들이 따듯하고 좋은분들만 계시다면 얼마나 좋을까요? 출연해주신 냥이 챙겨주시는 모든분들 감사합니다! 복 많이 받으시고 행복하세요! 덕분에 참 마음 따듯하게 봤습니다!,8
357,고양이 집사,너무 사랑스런 고양이와 따뜻한 사람들의 이야기를 보며 감동 만,9
358,비바리움,내가 50년간 봤던 영화중 최악이,9
359,어메이징 스파이더맨,샘스파보다 발전한 볼,10
360,미드소마,문화 차이. 미리 말을 하던,10
361,언포기버블,영화의  단조로운 스토리를  긴장감있,6
362,인질,납치범 대가리가 영화 다조지네;; 집중이안되네..,10
363,롱 리브 더 킹: 목포 영웅,,10
364,싱크홀,싱크홀 별로라는 말이 많던데 그래도 제가 좋아하는 장르에 배우분들도 좋아하는 분들이라 꼭 보고 싶던거라 이제 봤네요 근데 진심 너무 웃기고 재밌는데요? 쫄깃하고 슬프고 감동적인 부분도 있고 좋아요 특히 광수님이 진짜 너무 웃겨요 그냥 런닝맨 보는 거 같음ㅋㅋㅋㅋ또 좋아하는 이학주 남다름 김성균님도 나오셔서.. 아 너무 좋게 봤어요 저는ㅎ,10
365,아수라,찢었다...모든게 찢었다.,10
366,고양이 집사,방금 봤는데 너무 감동 깊게 봤습니다! 우리나라도 독일처럼 동물보호법 강화되서 더이상 버려지는 아이들이 없기를.. 길위의 아이들 모두 따듯한 손길에 행복하기를.. 영화처럼 세상 모든사람들이 따듯하고 좋은분들만 계시다면 얼마나 좋을까요? 출연해주신 냥이 챙겨주시는 모든분들 감사합니다! 복 많이 받으시고 행복하세요! 덕분에 참 마음 따듯하게 봤습니다!,8
367,고양이 집사,너무 사랑스런 고양이와 따뜻한 사람들의 이야기를 보며 감동 만,9
368,비바리움,내가 50년간 봤던 영화중 최악이,9
369,어메이징 스파이더맨,샘스파보다 발전한 볼,10
370,미드소마,문화 차이. 미리 말을 하던,10
371,언포기버블,영화의  단조로운 스토리를  긴장감있,6
372,인질,납치범 대가리가 영화 다조지네;; 집중이안되네..,10
373,롱 리브 더 킹: 목포 영웅,,10
374,싱크홀,싱크홀 별로라는 말이 많던데 그래도 제가 좋아하는 장르에 배우분들도 좋아하는 분들이라 꼭 보고 싶던거라 이제 봤네요 근데 진심 너무 웃기고 재밌는데요? 쫄깃하고 슬프고 감동적인 부분도 있고 좋아요 특히 광수님이 진짜 너무 웃겨요 그냥 런닝맨 보는 거 같음ㅋㅋㅋㅋ또 좋아하는 이학주 남다름 김성균님도 나오셔서.. 아 너무 좋게 봤어요 저는ㅎ,10
375,아수라,찢었다...모든게 찢었다.,10
376,고양이 집사,방금 봤는데 너무 감동 깊게 봤습니다! 우리나라도 독일처럼 동물보호법 강화되서 더이상 버려지는 아이들이 없기를.. 길위의 아이들 모두 따듯한 손길에 행복하기를.. 영화처럼 세상 모든사람들이 따듯하고 좋은분들만 계시다면 얼마나 좋을까요? 출연해주신 냥이 챙겨주시는 모든분들 감사합니다! 복 많이 받으시고 행복하세요! 덕분에 참 마음 따듯하게 봤습니다!,8
377,고양이 집사,너무 사랑스런 고양이와 따뜻한 사람들의 이야기를 보며 감동 만,9
378,비바리움,내가 50년간 봤던 영화중 최악이,9
379,어메이징 스파이더맨,샘스파보다 발전한 볼,10
380,미드소마,문화 차이. 미리 말을 하던,10
381,언포기버블,영화의  단조로운 스토리를  긴장감있,6
382,인질,납치범 대가리가 영화 다조지네;; 집중이안되네..,10
383,롱 리브 더 킹: 목포 영웅,,10
384,싱크홀,싱크홀 별로라는 말이 많던데 그래도 제가 좋아하는 장르에 배우분들도 좋아하는 분들이라 꼭 보고 싶던거라 이제 봤네요 근데 진심 너무 웃기고 재밌는데요? 쫄깃하고 슬프고 감동적인 부분도 있고 좋아요 특히 광수님이 진짜 너무 웃겨요 그냥 런닝맨 보는 거 같음ㅋㅋㅋㅋ또 좋아하는 이학주 남다름 김성균님도 나오셔서.. 아 너무 좋게 봤어요 저는ㅎ,10
385,아수라,찢었다...모든게 찢었다.,10
386,고양이 집사,방금 봤는데 너무 감동 깊게 봤습니다! 우리나라도 독일처럼 동물보호법 강화되서 더이상 버려지는 아이들이 없기를.. 길위의 아이들 모두 따듯한 손길에 행복하기를.. 영화처럼 세상 모든사람들이 따듯하고 좋은분들만 계시다면 얼마나 좋을까요? 출연해주신 냥이 챙겨주시는 모든분들 감사합니다! 복 많이 받으시고 행복하세요! 덕분에 참 마음 따듯하게 봤습니다!,8
387,고양이 집사,너무 사랑스런 고양이와 따뜻한 사람들의 이야기를 보며 감동 만,9
388,비바리움,내가 50년간 봤던 영화중 최악이,9
389,어메이징 스파이더맨,샘스파보다 발전한 볼,10
390,미드소마,문화 차이. 미리 말을 하던,10
391,언포기버블,영화의  단조로운 스토리를  긴장감있,6
392,인질,납치범 대가리가 영화 다조지네;; 집중이안되네..,10
393,롱 리브 더 킹: 목포 영웅,,10
394,싱크홀,싱크홀 별로라는 말이 많던데 그래도 제가 좋아하는 장르에 배우분들도 좋아하는 분들이라 꼭 보고 싶던거라 이제 봤네요 근데 진심 너무 웃기고 재밌는데요? 쫄깃하고 슬프고 감동적인 부분도 있고 좋아요 특히 광수님이 진짜 너무 웃겨요 그냥 런닝맨 보는 거 같음ㅋㅋㅋㅋ또 좋아하는 이학주 남다름 김성균님도 나오셔서.. 아 너무 좋게 봤어요 저는ㅎ,10
395,아수라,찢었다...모든게 찢었다.,10
396,고양이 집사,방금 봤는데 너무 감동 깊게 봤습니다! 우리나라도 독일처럼 동물보호법 강화되서 더이상 버려지는 아이들이 없기를.. 길위의 아이들 모두 따듯한 손길에 행복하기를.. 영화처럼 세상 모든사람들이 따듯하고 좋은분들만 계시다면 얼마나 좋을까요? 출연해주신 냥이 챙겨주시는 모든분들 감사합니다! 복 많이 받으시고 행복하세요! 덕분에 참 마음 따듯하게 봤습니다!,8
397,고양이 집사,너무 사랑스런 고양이와 따뜻한 사람들의 이야기를 보며 감동 만,9
398,비바리움,내가 50년간 봤던 영화중 최악이,9
399,어메이징 스파이더맨,샘스파보다 발전한 볼,10
400,미드소마,문화 차이. 미리 말을 하던,10
401,언포기버블,영화의  단조로운 스토리를  긴장감있,6
402,인질,납치범 대가리가 영화 다조지네;; 집중이안되네..,10
403,롱 리브 더 킹: 목포 영웅,,10
404,싱크홀,싱크홀 별로라는 말이 많던데 그래도 제가 좋아하는 장르에 배우분들도 좋아하는 분들이라 꼭 보고 싶던거라 이제 봤네요 근데 진심 너무 웃기고 재밌는데요? 쫄깃하고 슬프고 감동적인 부분도 있고 좋아요 특히 광수님이 진짜 너무 웃겨요 그냥 런닝맨 보는 거 같음ㅋㅋㅋㅋ또 좋아하는 이학주 남다름 김성균님도 나오셔서.. 아 너무 좋게 봤어요 저는ㅎ,10
405,아수라,찢었다...모든게 찢었다.,10
406,고양이 집사,방금 봤는데 너무 감동 깊게 봤습니다! 우리나라도 독일처럼 동물보호법 강화되서 더이상 버려지는 아이들이 없기를.. 길위의 아이들 모두 따듯한 손길에 행복하기를.. 영화처럼 세상 모든사람들이 따듯하고 좋은분들만 계시다면 얼마나 좋을까요? 출연해주신 냥이 챙겨주시는 모든분들 감사합니다! 복 많이 받으시고 행복하세요! 덕분에 참 마음 따듯하게 봤습니다!,8
407,고양이 집사,너무 사랑스런 고양이와 따뜻한 사람들의 이야기를 보며 감동 만,9
408,비바리움,내가 50년간 봤던 영화중 최악이,9
409,어메이징 스파이더맨,샘스파보다 발전한 볼,10
410,미드소마,문화 차이. 미리 말을 하던,10
411,언포기버블,영화의  단조로운 스토리를  긴장감있,6
412,인질,납치범 대가리가 영화 다조지네;; 집중이안되네..,10
413,롱 리브 더 킹: 목포 영웅,,10
414,싱크홀,싱크홀 별로라는 말이 많던데 그래도 제가 좋아하는 장르에 배우분들도 좋아하는 분들이라 꼭 보고 싶던거라 이제 봤네요 근데 진심 너무 웃기고 재밌는데요? 쫄깃하고 슬프고 감동적인 부분도 있고 좋아요 특히 광수님이 진짜 너무 웃겨요 그냥 런닝맨 보는 거 같음ㅋㅋㅋㅋ또 좋아하는 이학주 남다름 김성균님도 나오셔서.. 아 너무 좋게 봤어요 저는ㅎ,10
415,아수라,찢었다...모든게 찢었다.,10
416,고양이 집사,방금 봤는데 너무 감동 깊게 봤습니다! 우리나라도 독일처럼 동물보호법 강화되서 더이상 버려지는 아이들이 없기를.. 길위의 아이들 모두 따듯한 손길에 행복하기를.. 영화처럼 세상 모든사람들이 따듯하고 좋은분들만 계시다면 얼마나 좋을까요? 출연해주신 냥이 챙겨주시는 모든분들 감사합니다! 복 많이 받으시고 행복하세요! 덕분에 참 마음 따듯하게 봤습니다!,8
417,고양이 집사,너무 사랑스런 고양이와 따뜻한 사람들의 이야기를 보며 감동 만,9
418,비바리움,내가 50년간 봤던 영화중 최악이,9
419,어메이징 스파이더맨,샘스파보다 발전한 볼,10
420,미드소마,문화 차이. 미리 말을 하던,10
421,언포기버블,영화의  단조로운 스토리를  긴장감있,6
422,인질,납치범 대가리가 영화 다조지네;; 집중이안되네..,10
423,롱 리브 더 킹: 목포 영웅,,10
424,싱크홀,싱크홀 별로라는 말이 많던데 그래도 제가 좋아하는 장르에 배우분들도 좋아하는 분들이라 꼭 보고 싶던거라 이제 봤네요 근데 진심 너무 웃기고 재밌는데요? 쫄깃하고 슬프고 감동적인 부분도 있고 좋아요 특히 광수님이 진짜 너무 웃겨요 그냥 런닝맨 보는 거 같음ㅋㅋㅋㅋ또 좋아하는 이학주 남다름 김성균님도 나오셔서.. 아 너무 좋게 봤어요 저는ㅎ,10
425,아수라,찢었다...모든게 찢었다.,10
426,고양이 집사,방금 봤는데 너무 감동 깊게 봤습니다! 우리나라도 독일처럼 동물보호법 강화되서 더이상 버려지는 아이들이 없기를.. 길위의 아이들 모두 따듯한 손길에 행복하기를.. 영화처럼 세상 모든사람들이 따듯하고 좋은분들만 계시다면 얼마나 좋을까요? 출연해주신 냥이 챙겨주시는 모든분들 감사합니다! 복 많이 받으시고 행복하세요! 덕분에 참 마음 따듯하게 봤습니다!,8
427,고양이 집사,너무 사랑스런 고양이와 따뜻한 사람들의 이야기를 보며 감동 만,9
428,비바리움,내가 50년간 봤던 영화중 최악이,9
429,어메이징 스파이더맨,샘스파보다 발전한 볼,10
430,미드소마,문화 차이. 미리 말을 하던,10
431,언포기버블,영화의  단조로운 스토리를  긴장감있,6
432,인질,납치범 대가리가 영화 다조지네;; 집중이안되네..,10
433,롱 리브 더 킹: 목포 영웅,,10
434,싱크홀,싱크홀 별로라는 말이 많던데 그래도 제가 좋아하는 장르에 배우분들도 좋아하는 분들이라 꼭 보고 싶던거라 이제 봤네요 근데 진심 너무 웃기고 재밌는데요? 쫄깃하고 슬프고 감동적인 부분도 있고 좋아요 특히 광수님이 진짜 너무 웃겨요 그냥 런닝맨 보는 거 같음ㅋㅋㅋㅋ또 좋아하는 이학주 남다름 김성균님도 나오셔서.. 아 너무 좋게 봤어요 저는ㅎ,10
435,아수라,찢었다...모든게 찢었다.,10
436,고양이 집사,방금 봤는데 너무 감동 깊게 봤습니다! 우리나라도 독일처럼 동물보호법 강화되서 더이상 버려지는 아이들이 없기를.. 길위의 아이들 모두 따듯한 손길에 행복하기를.. 영화처럼 세상 모든사람들이 따듯하고 좋은분들만 계시다면 얼마나 좋을까요? 출연해주신 냥이 챙겨주시는 모든분들 감사합니다! 복 많이 받으시고 행복하세요! 덕분에 참 마음 따듯하게 봤습니다!,8
437,고양이 집사,너무 사랑스런 고양이와 따뜻한 사람들의 이야기를 보며 감동 만,9
438,비바리움,내가 50년간 봤던 영화중 최악이,9
439,어메이징 스파이더맨,샘스파보다 발전한 볼,10
440,미드소마,문화 차이. 미리 말을 하던,10
441,언포기버블,영화의  단조로운 스토리를  긴장감있,6
442,인질,납치범 대가리가 영화 다조지네;; 집중이안되네..,10
443,롱 리브 더 킹: 목포 영웅,,10
444,싱크홀,싱크홀 별로라는 말이 많던데 그래도 제가 좋아하는 장르에 배우분들도 좋아하는 분들이라 꼭 보고 싶던거라 이제 봤네요 근데 진심 너무 웃기고 재밌는데요? 쫄깃하고 슬프고 감동적인 부분도 있고 좋아요 특히 광수님이 진짜 너무 웃겨요 그냥 런닝맨 보는 거 같음ㅋㅋㅋㅋ또 좋아하는 이학주 남다름 김성균님도 나오셔서.. 아 너무 좋게 봤어요 저는ㅎ,10
445,아수라,찢었다...모든게 찢었다.,10
446,고양이 집사,방금 봤는데 너무 감동 깊게 봤습니다! 우리나라도 독일처럼 동물보호법 강화되서 더이상 버려지는 아이들이 없기를.. 길위의 아이들 모두 따듯한 손길에 행복하기를.. 영화처럼 세상 모든사람들이 따듯하고 좋은분들만 계시다면 얼마나 좋을까요? 출연해주신 냥이 챙겨주시는 모든분들 감사합니다! 복 많이 받으시고 행복하세요! 덕분에 참 마음 따듯하게 봤습니다!,8
447,고양이 집사,너무 사랑스런 고양이와 따뜻한 사람들의 이야기를 보며 감동 만,9
448,비바리움,내가 50년간 봤던 영화중 최악이,9
449,어메이징 스파이더맨,샘스파보다 발전한 볼,10
450,미드소마,문화 차이. 미리 말을 하던,10
451,언포기버블,영화의  단조로운 스토리를  긴장감있,6
452,인질,납치범 대가리가 영화 다조지네;; 집중이안되네..,10
453,롱 리브 더 킹: 목포 영웅,,10
454,싱크홀,싱크홀 별로라는 말이 많던데 그래도 제가 좋아하는 장르에 배우분들도 좋아하는 분들이라 꼭 보고 싶던거라 이제 봤네요 근데 진심 너무 웃기고 재밌는데요? 쫄깃하고 슬프고 감동적인 부분도 있고 좋아요 특히 광수님이 진짜 너무 웃겨요 그냥 런닝맨 보는 거 같음ㅋㅋㅋㅋ또 좋아하는 이학주 남다름 김성균님도 나오셔서.. 아 너무 좋게 봤어요 저는ㅎ,10
455,아수라,찢었다...모든게 찢었다.,10
456,고양이 집사,방금 봤는데 너무 감동 깊게 봤습니다! 우리나라도 독일처럼 동물보호법 강화되서 더이상 버려지는 아이들이 없기를.. 길위의 아이들 모두 따듯한 손길에 행복하기를.. 영화처럼 세상 모든사람들이 따듯하고 좋은분들만 계시다면 얼마나 좋을까요? 출연해주신 냥이 챙겨주시는 모든분들 감사합니다! 복 많이 받으시고 행복하세요! 덕분에 참 마음 따듯하게 봤습니다!,8
457,고양이 집사,너무 사랑스런 고양이와 따뜻한 사람들의 이야기를 보며 감동 만,9
458,비바리움,내가 50년간 봤던 영화중 최악이,9
459,어메이징 스파이더맨,샘스파보다 발전한 볼,10
460,미드소마,문화 차이. 미리 말을 하던,10
461,언포기버블,영화의  단조로운 스토리를  긴장감있,6
462,인질,납치범 대가리가 영화 다조지네;; 집중이안되네..,10
463,롱 리브 더 킹: 목포 영웅,,10
464,싱크홀,싱크홀 별로라는 말이 많던데 그래도 제가 좋아하는 장르에 배우분들도 좋아하는 분들이라 꼭 보고 싶던거라 이제 봤네요 근데 진심 너무 웃기고 재밌는데요? 쫄깃하고 슬프고 감동적인 부분도 있고 좋아요 특히 광수님이 진짜 너무 웃겨요 그냥 런닝맨 보는 거 같음ㅋㅋㅋㅋ또 좋아하는 이학주 남다름 김성균님도 나오셔서.. 아 너무 좋게 봤어요 저는ㅎ,10
465,아수라,찢었다...모든게 찢었다.,10
466,고양이 집사,방금 봤는데 너무 감동 깊게 봤습니다! 우리나라도 독일처럼 동물보호법 강화되서 더이상 버려지는 아이들이 없기를.. 길위의 아이들 모두 따듯한 손길에 행복하기를.. 영화처럼 세상 모든사람들이 따듯하고 좋은분들만 계시다면 얼마나 좋을까요? 출연해주신 냥이 챙겨주시는 모든분들 감사합니다! 복 많이 받으시고 행복하세요! 덕분에 참 마음 따듯하게 봤습니다!,8
467,고양이 집사,너무 사랑스런 고양이와 따뜻한 사람들의 이야기를 보며 감동 만,9
468,비바리움,내가 50년간 봤던 영화중 최악이,9
469,어메이징 스파이더맨,샘스파보다 발전한 볼,10
470,미드소마,문화 차이. 미리 말을 하던,10
471,언포기버블,영화의  단조로운 스토리를  긴장감있,6
472,인질,납치범 대가리가 영화 다조지네;; 집중이안되네..,10
473,롱 리브 더 킹: 목포 영웅,,10
474,싱크홀,싱크홀 별로라는 말이 많던데 그래도 제가 좋아하는 장르에 배우분들도 좋아하는 분들이라 꼭 보고 싶던거라 이제 봤네요 근데 진심 너무 웃기고 재밌는데요? 쫄깃하고 슬프고 감동적인 부분도 있고 좋아요 특히 광수님이 진짜 너무 웃겨요 그냥 런닝맨 보는 거 같음ㅋㅋㅋㅋ또 좋아하는 이학주 남다름 김성균님도 나오셔서.. 아 너무 좋게 봤어요 저는ㅎ,10
475,아수라,찢었다...모든게 찢었다.,10
476,고양이 집사,방금 봤는데 너무 감동 깊게 봤습니다! 우리나라도 독일처럼 동물보호법 강화되서 더이상 버려지는 아이들이 없기를.. 길위의 아이들 모두 따듯한 손길에 행복하기를.. 영화처럼 세상 모든사람들이 따듯하고 좋은분들만 계시다면 얼마나 좋을까요? 출연해주신 냥이 챙겨주시는 모든분들 감사합니다! 복 많이 받으시고 행복하세요! 덕분에 참 마음 따듯하게 봤습니다!,8
477,고양이 집사,너무 사랑스런 고양이와 따뜻한 사람들의 이야기를 보며 감동 만,9
478,비바리움,내가 50년간 봤던 영화중 최악이,9
479,어메이징 스파이더맨,샘스파보다 발전한 볼,10
480,미드소마,문화 차이. 미리 말을 하던,10
481,언포기버블,영화의  단조로운 스토리를  긴장감있,6
482,인질,납치범 대가리가 영화 다조지네;; 집중이안되네..,10
483,롱 리브 더 킹: 목포 영웅,,10
484,싱크홀,싱크홀 별로라는 말이 많던데 그래도 제가 좋아하는 장르에 배우분들도 좋아하는 분들이라 꼭 보고 싶던거라 이제 봤네요 근데 진심 너무 웃기고 재밌는데요? 쫄깃하고 슬프고 감동적인 부분도 있고 좋아요 특히 광수님이 진짜 너무 웃겨요 그냥 런닝맨 보는 거 같음ㅋㅋㅋㅋ또 좋아하는 이학주 남다름 김성균님도 나오셔서.. 아 너무 좋게 봤어요 저는ㅎ,10
485,아수라,찢었다...모든게 찢었다.,10
486,고양이 집사,방금 봤는데 너무 감동 깊게 봤습니다! 우리나라도 독일처럼 동물보호법 강화되서 더이상 버려지는 아이들이 없기를.. 길위의 아이들 모두 따듯한 손길에 행복하기를.. 영화처럼 세상 모든사람들이 따듯하고 좋은분들만 계시다면 얼마나 좋을까요? 출연해주신 냥이 챙겨주시는 모든분들 감사합니다! 복 많이 받으시고 행복하세요! 덕분에 참 마음 따듯하게 봤습니다!,8
487,고양이 집사,너무 사랑스런 고양이와 따뜻한 사람들의 이야기를 보며 감동 만,9
488,비바리움,내가 50년간 봤던 영화중 최악이,9
489,어메이징 스파이더맨,샘스파보다 발전한 볼,10
490,미드소마,문화 차이. 미리 말을 하던,10
491,언포기버블,영화의  단조로운 스토리를  긴장감있,6
492,인질,납치범 대가리가 영화 다조지네;; 집중이안되네..,10
493,롱 리브 더 킹: 목포 영웅,,10
494,싱크홀,싱크홀 별로라는 말이 많던데 그래도 제가 좋아하는 장르에 배우분들도 좋아하는 분들이라 꼭 보고 싶던거라 이제 봤네요 근데 진심 너무 웃기고 재밌는데요? 쫄깃하고 슬프고 감동적인 부분도 있고 좋아요 특히 광수님이 진짜 너무 웃겨요 그냥 런닝맨 보는 거 같음ㅋㅋㅋㅋ또 좋아하는 이학주 남다름 김성균님도 나오셔서.. 아 너무 좋게 봤어요 저는ㅎ,10
495,아수라,찢었다...모든게 찢었다.,10
496,고양이 집사,방금 봤는데 너무 감동 깊게 봤습니다! 우리나라도 독일처럼 동물보호법 강화되서 더이상 버려지는 아이들이 없기를.. 길위의 아이들 모두 따듯한 손길에 행복하기를.. 영화처럼 세상 모든사람들이 따듯하고 좋은분들만 계시다면 얼마나 좋을까요? 출연해주신 냥이 챙겨주시는 모든분들 감사합니다! 복 많이 받으시고 행복하세요! 덕분에 참 마음 따듯하게 봤습니다!,8
497,고양이 집사,너무 사랑스런 고양이와 따뜻한 사람들의 이야기를 보며 감동 만,9
498,비바리움,내가 50년간 봤던 영화중 최악이,9
499,어메이징 스파이더맨,샘스파보다 발전한 볼,10
500,미드소마,문화 차이. 미리 말을 하던,10
501,언포기버블,영화의  단조로운 스토리를  긴장감있,6
502,인질,납치범 대가리가 영화 다조지네;; 집중이안되네..,10
503,롱 리브 더 킹: 목포 영웅,,10
504,싱크홀,싱크홀 별로라는 말이 많던데 그래도 제가 좋아하는 장르에 배우분들도 좋아하는 분들이라 꼭 보고 싶던거라 이제 봤네요 근데 진심 너무 웃기고 재밌는데요? 쫄깃하고 슬프고 감동적인 부분도 있고 좋아요 특히 광수님이 진짜 너무 웃겨요 그냥 런닝맨 보는 거 같음ㅋㅋㅋㅋ또 좋아하는 이학주 남다름 김성균님도 나오셔서.. 아 너무 좋게 봤어요 저는ㅎ,10
505,아수라,찢었다...모든게 찢었다.,10
506,고양이 집사,방금 봤는데 너무 감동 깊게 봤습니다! 우리나라도 독일처럼 동물보호법 강화되서 더이상 버려지는 아이들이 없기를.. 길위의 아이들 모두 따듯한 손길에 행복하기를.. 영화처럼 세상 모든사람들이 따듯하고 좋은분들만 계시다면 얼마나 좋을까요? 출연해주신 냥이 챙겨주시는 모든분들 감사합니다! 복 많이 받으시고 행복하세요! 덕분에 참 마음 따듯하게 봤습니다!,8
507,고양이 집사,너무 사랑스런 고양이와 따뜻한 사람들의 이야기를 보며 감동 만,9
508,비바리움,내가 50년간 봤던 영화중 최악이,9
509,어메이징 스파이더맨,샘스파보다 발전한 볼,10
510,미드소마,문화 차이. 미리 말을 하던,10
511,언포기버블,영화의  단조로운 스토리를  긴장감있,6
512,인질,납치범 대가리가 영화 다조지네;; 집중이안되네..,10
513,롱 리브 더 킹: 목포 영웅,,10
514,싱크홀,싱크홀 별로라는 말이 많던데 그래도 제가 좋아하는 장르에 배우분들도 좋아하는 분들이라 꼭 보고 싶던거라 이제 봤네요 근데 진심 너무 웃기고 재밌는데요? 쫄깃하고 슬프고 감동적인 부분도 있고 좋아요 특히 광수님이 진짜 너무 웃겨요 그냥 런닝맨 보는 거 같음ㅋㅋㅋㅋ또 좋아하는 이학주 남다름 김성균님도 나오셔서.. 아 너무 좋게 봤어요 저는ㅎ,10
515,아수라,찢었다...모든게 찢었다.,10
516,고양이 집사,방금 봤는데 너무 감동 깊게 봤습니다! 우리나라도 독일처럼 동물보호법 강화되서 더이상 버려지는 아이들이 없기를.. 길위의 아이들 모두 따듯한 손길에 행복하기를.. 영화처럼 세상 모든사람들이 따듯하고 좋은분들만 계시다면 얼마나 좋을까요? 출연해주신 냥이 챙겨주시는 모든분들 감사합니다! 복 많이 받으시고 행복하세요! 덕분에 참 마음 따듯하게 봤습니다!,8
517,고양이 집사,너무 사랑스런 고양이와 따뜻한 사람들의 이야기를 보며 감동 만,9
518,비바리움,내가 50년간 봤던 영화중 최악이,9
519,어메이징 스파이더맨,샘스파보다 발전한 볼,10
520,서복,핵노잼  별한개도 아까운 영,10
521,미드소마,문화 차이. 미리 말을 하던,6
522,언포기버블,영화의  단조로운 스토리를  긴장감있,10
523,인질,납치범 대가리가 영화 다조지네;; 집중이안되네..,10
524,롱 리브 더 킹: 목포 영웅,,10
525,싱크홀,싱크홀 별로라는 말이 많던데 그래도 제가 좋아하는 장르에 배우분들도 좋아하는 분들이라 꼭 보고 싶던거라 이제 봤네요 근데 진심 너무 웃기고 재밌는데요? 쫄깃하고 슬프고 감동적인 부분도 있고 좋아요 특히 광수님이 진짜 너무 웃겨요 그냥 런닝맨 보는 거 같음ㅋㅋㅋㅋ또 좋아하는 이학주 남다름 김성균님도 나오셔서.. 아 너무 좋게 봤어요 저는ㅎ,10
526,아수라,찢었다...모든게 찢었다.,8
527,고양이 집사,방금 봤는데 너무 감동 깊게 봤습니다! 우리나라도 독일처럼 동물보호법 강화되서 더이상 버려지는 아이들이 없기를.. 길위의 아이들 모두 따듯한 손길에 행복하기를.. 영화처럼 세상 모든사람들이 따듯하고 좋은분들만 계시다면 얼마나 좋을까요? 출연해주신 냥이 챙겨주시는 모든분들 감사합니다! 복 많이 받으시고 행복하세요! 덕분에 참 마음 따듯하게 봤습니다!,9
528,고양이 집사,너무 사랑스런 고양이와 따뜻한 사람들의 이야기를 보며 감동 만,9
529,비바리움,내가 50년간 봤던 영화중 최악이,10
530,서복,핵노잼  별한개도 아까운 영,10
531,미드소마,문화 차이. 미리 말을 하던,6
532,언포기버블,영화의  단조로운 스토리를  긴장감있,10
533,인질,납치범 대가리가 영화 다조지네;; 집중이안되네..,10
534,롱 리브 더 킹: 목포 영웅,,10
535,싱크홀,싱크홀 별로라는 말이 많던데 그래도 제가 좋아하는 장르에 배우분들도 좋아하는 분들이라 꼭 보고 싶던거라 이제 봤네요 근데 진심 너무 웃기고 재밌는데요? 쫄깃하고 슬프고 감동적인 부분도 있고 좋아요 특히 광수님이 진짜 너무 웃겨요 그냥 런닝맨 보는 거 같음ㅋㅋㅋㅋ또 좋아하는 이학주 남다름 김성균님도 나오셔서.. 아 너무 좋게 봤어요 저는ㅎ,10
536,아수라,찢었다...모든게 찢었다.,8
537,고양이 집사,방금 봤는데 너무 감동 깊게 봤습니다! 우리나라도 독일처럼 동물보호법 강화되서 더이상 버려지는 아이들이 없기를.. 길위의 아이들 모두 따듯한 손길에 행복하기를.. 영화처럼 세상 모든사람들이 따듯하고 좋은분들만 계시다면 얼마나 좋을까요? 출연해주신 냥이 챙겨주시는 모든분들 감사합니다! 복 많이 받으시고 행복하세요! 덕분에 참 마음 따듯하게 봤습니다!,9
538,고양이 집사,너무 사랑스런 고양이와 따뜻한 사람들의 이야기를 보며 감동 만,9
539,비바리움,내가 50년간 봤던 영화중 최악이,10
540,서복,핵노잼  별한개도 아까운 영,10
541,미드소마,문화 차이. 미리 말을 하던,6
542,언포기버블,영화의  단조로운 스토리를  긴장감있,10
543,인질,납치범 대가리가 영화 다조지네;; 집중이안되네..,10
544,롱 리브 더 킹: 목포 영웅,,10
545,싱크홀,싱크홀 별로라는 말이 많던데 그래도 제가 좋아하는 장르에 배우분들도 좋아하는 분들이라 꼭 보고 싶던거라 이제 봤네요 근데 진심 너무 웃기고 재밌는데요? 쫄깃하고 슬프고 감동적인 부분도 있고 좋아요 특히 광수님이 진짜 너무 웃겨요 그냥 런닝맨 보는 거 같음ㅋㅋㅋㅋ또 좋아하는 이학주 남다름 김성균님도 나오셔서.. 아 너무 좋게 봤어요 저는ㅎ,10
546,아수라,찢었다...모든게 찢었다.,8
547,고양이 집사,방금 봤는데 너무 감동 깊게 봤습니다! 우리나라도 독일처럼 동물보호법 강화되서 더이상 버려지는 아이들이 없기를.. 길위의 아이들 모두 따듯한 손길에 행복하기를.. 영화처럼 세상 모든사람들이 따듯하고 좋은분들만 계시다면 얼마나 좋을까요? 출연해주신 냥이 챙겨주시는 모든분들 감사합니다! 복 많이 받으시고 행복하세요! 덕분에 참 마음 따듯하게 봤습니다!,9
548,고양이 집사,너무 사랑스런 고양이와 따뜻한 사람들의 이야기를 보며 감동 만,9
549,비바리움,내가 50년간 봤던 영화중 최악이,10
550,서복,핵노잼  별한개도 아까운 영,10
551,미드소마,문화 차이. 미리 말을 하던,6
552,언포기버블,영화의  단조로운 스토리를  긴장감있,10
553,인질,납치범 대가리가 영화 다조지네;; 집중이안되네..,10
554,롱 리브 더 킹: 목포 영웅,,10
555,싱크홀,싱크홀 별로라는 말이 많던데 그래도 제가 좋아하는 장르에 배우분들도 좋아하는 분들이라 꼭 보고 싶던거라 이제 봤네요 근데 진심 너무 웃기고 재밌는데요? 쫄깃하고 슬프고 감동적인 부분도 있고 좋아요 특히 광수님이 진짜 너무 웃겨요 그냥 런닝맨 보는 거 같음ㅋㅋㅋㅋ또 좋아하는 이학주 남다름 김성균님도 나오셔서.. 아 너무 좋게 봤어요 저는ㅎ,10
556,아수라,찢었다...모든게 찢었다.,8
557,고양이 집사,방금 봤는데 너무 감동 깊게 봤습니다! 우리나라도 독일처럼 동물보호법 강화되서 더이상 버려지는 아이들이 없기를.. 길위의 아이들 모두 따듯한 손길에 행복하기를.. 영화처럼 세상 모든사람들이 따듯하고 좋은분들만 계시다면 얼마나 좋을까요? 출연해주신 냥이 챙겨주시는 모든분들 감사합니다! 복 많이 받으시고 행복하세요! 덕분에 참 마음 따듯하게 봤습니다!,9
558,고양이 집사,너무 사랑스런 고양이와 따뜻한 사람들의 이야기를 보며 감동 만,9
559,비바리움,내가 50년간 봤던 영화중 최악이,10
560,서복,핵노잼  별한개도 아까운 영,10
561,미드소마,문화 차이. 미리 말을 하던,6
562,언포기버블,영화의  단조로운 스토리를  긴장감있,10
563,인질,납치범 대가리가 영화 다조지네;; 집중이안되네..,10
564,롱 리브 더 킹: 목포 영웅,,10
565,싱크홀,싱크홀 별로라는 말이 많던데 그래도 제가 좋아하는 장르에 배우분들도 좋아하는 분들이라 꼭 보고 싶던거라 이제 봤네요 근데 진심 너무 웃기고 재밌는데요? 쫄깃하고 슬프고 감동적인 부분도 있고 좋아요 특히 광수님이 진짜 너무 웃겨요 그냥 런닝맨 보는 거 같음ㅋㅋㅋㅋ또 좋아하는 이학주 남다름 김성균님도 나오셔서.. 아 너무 좋게 봤어요 저는ㅎ,10
566,아수라,찢었다...모든게 찢었다.,8
567,고양이 집사,방금 봤는데 너무 감동 깊게 봤습니다! 우리나라도 독일처럼 동물보호법 강화되서 더이상 버려지는 아이들이 없기를.. 길위의 아이들 모두 따듯한 손길에 행복하기를.. 영화처럼 세상 모든사람들이 따듯하고 좋은분들만 계시다면 얼마나 좋을까요? 출연해주신 냥이 챙겨주시는 모든분들 감사합니다! 복 많이 받으시고 행복하세요! 덕분에 참 마음 따듯하게 봤습니다!,9
568,고양이 집사,너무 사랑스런 고양이와 따뜻한 사람들의 이야기를 보며 감동 만,9
569,비바리움,내가 50년간 봤던 영화중 최악이,10
570,서복,핵노잼  별한개도 아까운 영,10
571,미드소마,문화 차이. 미리 말을 하던,6
572,언포기버블,영화의  단조로운 스토리를  긴장감있,10
573,인질,납치범 대가리가 영화 다조지네;; 집중이안되네..,10
574,롱 리브 더 킹: 목포 영웅,,10
575,싱크홀,싱크홀 별로라는 말이 많던데 그래도 제가 좋아하는 장르에 배우분들도 좋아하는 분들이라 꼭 보고 싶던거라 이제 봤네요 근데 진심 너무 웃기고 재밌는데요? 쫄깃하고 슬프고 감동적인 부분도 있고 좋아요 특히 광수님이 진짜 너무 웃겨요 그냥 런닝맨 보는 거 같음ㅋㅋㅋㅋ또 좋아하는 이학주 남다름 김성균님도 나오셔서.. 아 너무 좋게 봤어요 저는ㅎ,10
576,아수라,찢었다...모든게 찢었다.,8
577,고양이 집사,방금 봤는데 너무 감동 깊게 봤습니다! 우리나라도 독일처럼 동물보호법 강화되서 더이상 버려지는 아이들이 없기를.. 길위의 아이들 모두 따듯한 손길에 행복하기를.. 영화처럼 세상 모든사람들이 따듯하고 좋은분들만 계시다면 얼마나 좋을까요? 출연해주신 냥이 챙겨주시는 모든분들 감사합니다! 복 많이 받으시고 행복하세요! 덕분에 참 마음 따듯하게 봤습니다!,9
578,고양이 집사,너무 사랑스런 고양이와 따뜻한 사람들의 이야기를 보며 감동 만,9
579,비바리움,내가 50년간 봤던 영화중 최악이,10
580,서복,핵노잼  별한개도 아까운 영,10
581,미드소마,문화 차이. 미리 말을 하던,6
582,언포기버블,영화의  단조로운 스토리를  긴장감있,10
583,인질,납치범 대가리가 영화 다조지네;; 집중이안되네..,10
584,롱 리브 더 킹: 목포 영웅,,10
585,싱크홀,싱크홀 별로라는 말이 많던데 그래도 제가 좋아하는 장르에 배우분들도 좋아하는 분들이라 꼭 보고 싶던거라 이제 봤네요 근데 진심 너무 웃기고 재밌는데요? 쫄깃하고 슬프고 감동적인 부분도 있고 좋아요 특히 광수님이 진짜 너무 웃겨요 그냥 런닝맨 보는 거 같음ㅋㅋㅋㅋ또 좋아하는 이학주 남다름 김성균님도 나오셔서.. 아 너무 좋게 봤어요 저는ㅎ,10
586,아수라,찢었다...모든게 찢었다.,8
587,고양이 집사,방금 봤는데 너무 감동 깊게 봤습니다! 우리나라도 독일처럼 동물보호법 강화되서 더이상 버려지는 아이들이 없기를.. 길위의 아이들 모두 따듯한 손길에 행복하기를.. 영화처럼 세상 모든사람들이 따듯하고 좋은분들만 계시다면 얼마나 좋을까요? 출연해주신 냥이 챙겨주시는 모든분들 감사합니다! 복 많이 받으시고 행복하세요! 덕분에 참 마음 따듯하게 봤습니다!,9
588,고양이 집사,너무 사랑스런 고양이와 따뜻한 사람들의 이야기를 보며 감동 만,9
589,비바리움,내가 50년간 봤던 영화중 최악이,10
590,서복,핵노잼  별한개도 아까운 영,10
591,미드소마,문화 차이. 미리 말을 하던,6
592,언포기버블,영화의  단조로운 스토리를  긴장감있,10
593,인질,납치범 대가리가 영화 다조지네;; 집중이안되네..,10
594,롱 리브 더 킹: 목포 영웅,,10
595,싱크홀,싱크홀 별로라는 말이 많던데 그래도 제가 좋아하는 장르에 배우분들도 좋아하는 분들이라 꼭 보고 싶던거라 이제 봤네요 근데 진심 너무 웃기고 재밌는데요? 쫄깃하고 슬프고 감동적인 부분도 있고 좋아요 특히 광수님이 진짜 너무 웃겨요 그냥 런닝맨 보는 거 같음ㅋㅋㅋㅋ또 좋아하는 이학주 남다름 김성균님도 나오셔서.. 아 너무 좋게 봤어요 저는ㅎ,10
596,아수라,찢었다...모든게 찢었다.,8
597,고양이 집사,방금 봤는데 너무 감동 깊게 봤습니다! 우리나라도 독일처럼 동물보호법 강화되서 더이상 버려지는 아이들이 없기를.. 길위의 아이들 모두 따듯한 손길에 행복하기를.. 영화처럼 세상 모든사람들이 따듯하고 좋은분들만 계시다면 얼마나 좋을까요? 출연해주신 냥이 챙겨주시는 모든분들 감사합니다! 복 많이 받으시고 행복하세요! 덕분에 참 마음 따듯하게 봤습니다!,9
598,고양이 집사,너무 사랑스런 고양이와 따뜻한 사람들의 이야기를 보며 감동 만,9
599,비바리움,내가 50년간 봤던 영화중 최악이,10
600,서복,핵노잼  별한개도 아까운 영,10
601,미드소마,문화 차이. 미리 말을 하던,10
602,언포기버블,영화의  단조로운 스토리를  긴장감있,6
603,인질,납치범 대가리가 영화 다조지네;; 집중이안되네..,10
604,롱 리브 더 킹: 목포 영웅,,10
605,싱크홀,싱크홀 별로라는 말이 많던데 그래도 제가 좋아하는 장르에 배우분들도 좋아하는 분들이라 꼭 보고 싶던거라 이제 봤네요 근데 진심 너무 웃기고 재밌는데요? 쫄깃하고 슬프고 감동적인 부분도 있고 좋아요 특히 광수님이 진짜 너무 웃겨요 그냥 런닝맨 보는 거 같음ㅋㅋㅋㅋ또 좋아하는 이학주 남다름 김성균님도 나오셔서.. 아 너무 좋게 봤어요 저는ㅎ,10
606,아수라,찢었다...모든게 찢었다.,10
607,고양이 집사,방금 봤는데 너무 감동 깊게 봤습니다! 우리나라도 독일처럼 동물보호법 강화되서 더이상 버려지는 아이들이 없기를.. 길위의 아이들 모두 따듯한 손길에 행복하기를.. 영화처럼 세상 모든사람들이 따듯하고 좋은분들만 계시다면 얼마나 좋을까요? 출연해주신 냥이 챙겨주시는 모든분들 감사합니다! 복 많이 받으시고 행복하세요! 덕분에 참 마음 따듯하게 봤습니다!,8
608,고양이 집사,너무 사랑스런 고양이와 따뜻한 사람들의 이야기를 보며 감동 만,9
609,비바리움,내가 50년간 봤던 영화중 최악이,9
610,서복,핵노잼  별한개도 아까운 영,10
611,미드소마,문화 차이. 미리 말을 하던,10
612,언포기버블,영화의  단조로운 스토리를  긴장감있,6
613,인질,납치범 대가리가 영화 다조지네;; 집중이안되네..,10
614,롱 리브 더 킹: 목포 영웅,,10
615,싱크홀,싱크홀 별로라는 말이 많던데 그래도 제가 좋아하는 장르에 배우분들도 좋아하는 분들이라 꼭 보고 싶던거라 이제 봤네요 근데 진심 너무 웃기고 재밌는데요? 쫄깃하고 슬프고 감동적인 부분도 있고 좋아요 특히 광수님이 진짜 너무 웃겨요 그냥 런닝맨 보는 거 같음ㅋㅋㅋㅋ또 좋아하는 이학주 남다름 김성균님도 나오셔서.. 아 너무 좋게 봤어요 저는ㅎ,10
616,아수라,찢었다...모든게 찢었다.,10
617,고양이 집사,방금 봤는데 너무 감동 깊게 봤습니다! 우리나라도 독일처럼 동물보호법 강화되서 더이상 버려지는 아이들이 없기를.. 길위의 아이들 모두 따듯한 손길에 행복하기를.. 영화처럼 세상 모든사람들이 따듯하고 좋은분들만 계시다면 얼마나 좋을까요? 출연해주신 냥이 챙겨주시는 모든분들 감사합니다! 복 많이 받으시고 행복하세요! 덕분에 참 마음 따듯하게 봤습니다!,8
618,고양이 집사,너무 사랑스런 고양이와 따뜻한 사람들의 이야기를 보며 감동 만,9
619,비바리움,내가 50년간 봤던 영화중 최악이,9
620,서복,핵노잼  별한개도 아까운 영,10
621,미드소마,문화 차이. 미리 말을 하던,10
622,언포기버블,영화의  단조로운 스토리를  긴장감있,6
623,인질,납치범 대가리가 영화 다조지네;; 집중이안되네..,10
624,롱 리브 더 킹: 목포 영웅,,10
625,싱크홀,싱크홀 별로라는 말이 많던데 그래도 제가 좋아하는 장르에 배우분들도 좋아하는 분들이라 꼭 보고 싶던거라 이제 봤네요 근데 진심 너무 웃기고 재밌는데요? 쫄깃하고 슬프고 감동적인 부분도 있고 좋아요 특히 광수님이 진짜 너무 웃겨요 그냥 런닝맨 보는 거 같음ㅋㅋㅋㅋ또 좋아하는 이학주 남다름 김성균님도 나오셔서.. 아 너무 좋게 봤어요 저는ㅎ,10
626,아수라,찢었다...모든게 찢었다.,10
627,고양이 집사,방금 봤는데 너무 감동 깊게 봤습니다! 우리나라도 독일처럼 동물보호법 강화되서 더이상 버려지는 아이들이 없기를.. 길위의 아이들 모두 따듯한 손길에 행복하기를.. 영화처럼 세상 모든사람들이 따듯하고 좋은분들만 계시다면 얼마나 좋을까요? 출연해주신 냥이 챙겨주시는 모든분들 감사합니다! 복 많이 받으시고 행복하세요! 덕분에 참 마음 따듯하게 봤습니다!,8
628,고양이 집사,너무 사랑스런 고양이와 따뜻한 사람들의 이야기를 보며 감동 만,9
629,비바리움,내가 50년간 봤던 영화중 최악이,9
630,서복,핵노잼  별한개도 아까운 영,10
631,미드소마,문화 차이. 미리 말을 하던,10
632,언포기버블,영화의  단조로운 스토리를  긴장감있,6
633,인질,납치범 대가리가 영화 다조지네;; 집중이안되네..,10
634,롱 리브 더 킹: 목포 영웅,,10
635,싱크홀,싱크홀 별로라는 말이 많던데 그래도 제가 좋아하는 장르에 배우분들도 좋아하는 분들이라 꼭 보고 싶던거라 이제 봤네요 근데 진심 너무 웃기고 재밌는데요? 쫄깃하고 슬프고 감동적인 부분도 있고 좋아요 특히 광수님이 진짜 너무 웃겨요 그냥 런닝맨 보는 거 같음ㅋㅋㅋㅋ또 좋아하는 이학주 남다름 김성균님도 나오셔서.. 아 너무 좋게 봤어요 저는ㅎ,10
636,아수라,찢었다...모든게 찢었다.,10
637,고양이 집사,방금 봤는데 너무 감동 깊게 봤습니다! 우리나라도 독일처럼 동물보호법 강화되서 더이상 버려지는 아이들이 없기를.. 길위의 아이들 모두 따듯한 손길에 행복하기를.. 영화처럼 세상 모든사람들이 따듯하고 좋은분들만 계시다면 얼마나 좋을까요? 출연해주신 냥이 챙겨주시는 모든분들 감사합니다! 복 많이 받으시고 행복하세요! 덕분에 참 마음 따듯하게 봤습니다!,8
638,고양이 집사,너무 사랑스런 고양이와 따뜻한 사람들의 이야기를 보며 감동 만,9
639,비바리움,내가 50년간 봤던 영화중 최악이,9
640,서복,핵노잼  별한개도 아까운 영,10
641,미드소마,문화 차이. 미리 말을 하던,10
642,언포기버블,영화의  단조로운 스토리를  긴장감있,6
643,인질,납치범 대가리가 영화 다조지네;; 집중이안되네..,10
644,롱 리브 더 킹: 목포 영웅,,10
645,싱크홀,싱크홀 별로라는 말이 많던데 그래도 제가 좋아하는 장르에 배우분들도 좋아하는 분들이라 꼭 보고 싶던거라 이제 봤네요 근데 진심 너무 웃기고 재밌는데요? 쫄깃하고 슬프고 감동적인 부분도 있고 좋아요 특히 광수님이 진짜 너무 웃겨요 그냥 런닝맨 보는 거 같음ㅋㅋㅋㅋ또 좋아하는 이학주 남다름 김성균님도 나오셔서.. 아 너무 좋게 봤어요 저는ㅎ,10
646,아수라,찢었다...모든게 찢었다.,10
647,고양이 집사,방금 봤는데 너무 감동 깊게 봤습니다! 우리나라도 독일처럼 동물보호법 강화되서 더이상 버려지는 아이들이 없기를.. 길위의 아이들 모두 따듯한 손길에 행복하기를.. 영화처럼 세상 모든사람들이 따듯하고 좋은분들만 계시다면 얼마나 좋을까요? 출연해주신 냥이 챙겨주시는 모든분들 감사합니다! 복 많이 받으시고 행복하세요! 덕분에 참 마음 따듯하게 봤습니다!,8
648,고양이 집사,너무 사랑스런 고양이와 따뜻한 사람들의 이야기를 보며 감동 만,9
649,비바리움,내가 50년간 봤던 영화중 최악이,9
650,서복,핵노잼  별한개도 아까운 영,10
651,미드소마,문화 차이. 미리 말을 하던,10
652,언포기버블,영화의  단조로운 스토리를  긴장감있,6
653,인질,납치범 대가리가 영화 다조지네;; 집중이안되네..,10
654,롱 리브 더 킹: 목포 영웅,,10
655,싱크홀,싱크홀 별로라는 말이 많던데 그래도 제가 좋아하는 장르에 배우분들도 좋아하는 분들이라 꼭 보고 싶던거라 이제 봤네요 근데 진심 너무 웃기고 재밌는데요? 쫄깃하고 슬프고 감동적인 부분도 있고 좋아요 특히 광수님이 진짜 너무 웃겨요 그냥 런닝맨 보는 거 같음ㅋㅋㅋㅋ또 좋아하는 이학주 남다름 김성균님도 나오셔서.. 아 너무 좋게 봤어요 저는ㅎ,10
656,아수라,찢었다...모든게 찢었다.,10
657,고양이 집사,방금 봤는데 너무 감동 깊게 봤습니다! 우리나라도 독일처럼 동물보호법 강화되서 더이상 버려지는 아이들이 없기를.. 길위의 아이들 모두 따듯한 손길에 행복하기를.. 영화처럼 세상 모든사람들이 따듯하고 좋은분들만 계시다면 얼마나 좋을까요? 출연해주신 냥이 챙겨주시는 모든분들 감사합니다! 복 많이 받으시고 행복하세요! 덕분에 참 마음 따듯하게 봤습니다!,8
658,고양이 집사,너무 사랑스런 고양이와 따뜻한 사람들의 이야기를 보며 감동 만,9
659,비바리움,내가 50년간 봤던 영화중 최악이,9
660,서복,핵노잼  별한개도 아까운 영,10
661,미드소마,문화 차이. 미리 말을 하던,10
662,언포기버블,영화의  단조로운 스토리를  긴장감있,6
663,인질,납치범 대가리가 영화 다조지네;; 집중이안되네..,10
664,롱 리브 더 킹: 목포 영웅,,10
665,싱크홀,싱크홀 별로라는 말이 많던데 그래도 제가 좋아하는 장르에 배우분들도 좋아하는 분들이라 꼭 보고 싶던거라 이제 봤네요 근데 진심 너무 웃기고 재밌는데요? 쫄깃하고 슬프고 감동적인 부분도 있고 좋아요 특히 광수님이 진짜 너무 웃겨요 그냥 런닝맨 보는 거 같음ㅋㅋㅋㅋ또 좋아하는 이학주 남다름 김성균님도 나오셔서.. 아 너무 좋게 봤어요 저는ㅎ,10
666,아수라,찢었다...모든게 찢었다.,10
667,고양이 집사,방금 봤는데 너무 감동 깊게 봤습니다! 우리나라도 독일처럼 동물보호법 강화되서 더이상 버려지는 아이들이 없기를.. 길위의 아이들 모두 따듯한 손길에 행복하기를.. 영화처럼 세상 모든사람들이 따듯하고 좋은분들만 계시다면 얼마나 좋을까요? 출연해주신 냥이 챙겨주시는 모든분들 감사합니다! 복 많이 받으시고 행복하세요! 덕분에 참 마음 따듯하게 봤습니다!,8
668,고양이 집사,너무 사랑스런 고양이와 따뜻한 사람들의 이야기를 보며 감동 만,9
669,비바리움,내가 50년간 봤던 영화중 최악이,9
670,서복,핵노잼  별한개도 아까운 영,10
671,미드소마,문화 차이. 미리 말을 하던,10
672,언포기버블,영화의  단조로운 스토리를  긴장감있,6
673,인질,납치범 대가리가 영화 다조지네;; 집중이안되네..,10
674,롱 리브 더 킹: 목포 영웅,,10
675,싱크홀,싱크홀 별로라는 말이 많던데 그래도 제가 좋아하는 장르에 배우분들도 좋아하는 분들이라 꼭 보고 싶던거라 이제 봤네요 근데 진심 너무 웃기고 재밌는데요? 쫄깃하고 슬프고 감동적인 부분도 있고 좋아요 특히 광수님이 진짜 너무 웃겨요 그냥 런닝맨 보는 거 같음ㅋㅋㅋㅋ또 좋아하는 이학주 남다름 김성균님도 나오셔서.. 아 너무 좋게 봤어요 저는ㅎ,10
676,아수라,찢었다...모든게 찢었다.,10
677,고양이 집사,방금 봤는데 너무 감동 깊게 봤습니다! 우리나라도 독일처럼 동물보호법 강화되서 더이상 버려지는 아이들이 없기를.. 길위의 아이들 모두 따듯한 손길에 행복하기를.. 영화처럼 세상 모든사람들이 따듯하고 좋은분들만 계시다면 얼마나 좋을까요? 출연해주신 냥이 챙겨주시는 모든분들 감사합니다! 복 많이 받으시고 행복하세요! 덕분에 참 마음 따듯하게 봤습니다!,8
678,고양이 집사,너무 사랑스런 고양이와 따뜻한 사람들의 이야기를 보며 감동 만,9
679,비바리움,내가 50년간 봤던 영화중 최악이,9
680,서복,핵노잼  별한개도 아까운 영,10
681,미드소마,문화 차이. 미리 말을 하던,10
682,언포기버블,영화의  단조로운 스토리를  긴장감있,6
683,인질,납치범 대가리가 영화 다조지네;; 집중이안되네..,10
684,롱 리브 더 킹: 목포 영웅,,10
685,싱크홀,싱크홀 별로라는 말이 많던데 그래도 제가 좋아하는 장르에 배우분들도 좋아하는 분들이라 꼭 보고 싶던거라 이제 봤네요 근데 진심 너무 웃기고 재밌는데요? 쫄깃하고 슬프고 감동적인 부분도 있고 좋아요 특히 광수님이 진짜 너무 웃겨요 그냥 런닝맨 보는 거 같음ㅋㅋㅋㅋ또 좋아하는 이학주 남다름 김성균님도 나오셔서.. 아 너무 좋게 봤어요 저는ㅎ,10
686,아수라,찢었다...모든게 찢었다.,10
687,고양이 집사,방금 봤는데 너무 감동 깊게 봤습니다! 우리나라도 독일처럼 동물보호법 강화되서 더이상 버려지는 아이들이 없기를.. 길위의 아이들 모두 따듯한 손길에 행복하기를.. 영화처럼 세상 모든사람들이 따듯하고 좋은분들만 계시다면 얼마나 좋을까요? 출연해주신 냥이 챙겨주시는 모든분들 감사합니다! 복 많이 받으시고 행복하세요! 덕분에 참 마음 따듯하게 봤습니다!,8
688,고양이 집사,너무 사랑스런 고양이와 따뜻한 사람들의 이야기를 보며 감동 만,9
689,비바리움,내가 50년간 봤던 영화중 최악이,9
690,서복,핵노잼  별한개도 아까운 영,10
691,미드소마,문화 차이. 미리 말을 하던,10
692,언포기버블,영화의  단조로운 스토리를  긴장감있,6
693,인질,납치범 대가리가 영화 다조지네;; 집중이안되네..,10
694,롱 리브 더 킹: 목포 영웅,,10
695,싱크홀,싱크홀 별로라는 말이 많던데 그래도 제가 좋아하는 장르에 배우분들도 좋아하는 분들이라 꼭 보고 싶던거라 이제 봤네요 근데 진심 너무 웃기고 재밌는데요? 쫄깃하고 슬프고 감동적인 부분도 있고 좋아요 특히 광수님이 진짜 너무 웃겨요 그냥 런닝맨 보는 거 같음ㅋㅋㅋㅋ또 좋아하는 이학주 남다름 김성균님도 나오셔서.. 아 너무 좋게 봤어요 저는ㅎ,10
696,아수라,찢었다...모든게 찢었다.,10
697,고양이 집사,방금 봤는데 너무 감동 깊게 봤습니다! 우리나라도 독일처럼 동물보호법 강화되서 더이상 버려지는 아이들이 없기를.. 길위의 아이들 모두 따듯한 손길에 행복하기를.. 영화처럼 세상 모든사람들이 따듯하고 좋은분들만 계시다면 얼마나 좋을까요? 출연해주신 냥이 챙겨주시는 모든분들 감사합니다! 복 많이 받으시고 행복하세요! 덕분에 참 마음 따듯하게 봤습니다!,8
698,고양이 집사,너무 사랑스런 고양이와 따뜻한 사람들의 이야기를 보며 감동 만,9
699,비바리움,내가 50년간 봤던 영화중 최악이,9
700,서복,핵노잼  별한개도 아까운 영,10
701,미드소마,문화 차이. 미리 말을 하던,10
702,언포기버블,영화의  단조로운 스토리를  긴장감있,6
703,인질,납치범 대가리가 영화 다조지네;; 집중이안되네..,10
704,롱 리브 더 킹: 목포 영웅,,10
705,싱크홀,싱크홀 별로라는 말이 많던데 그래도 제가 좋아하는 장르에 배우분들도 좋아하는 분들이라 꼭 보고 싶던거라 이제 봤네요 근데 진심 너무 웃기고 재밌는데요? 쫄깃하고 슬프고 감동적인 부분도 있고 좋아요 특히 광수님이 진짜 너무 웃겨요 그냥 런닝맨 보는 거 같음ㅋㅋㅋㅋ또 좋아하는 이학주 남다름 김성균님도 나오셔서.. 아 너무 좋게 봤어요 저는ㅎ,10
706,아수라,찢었다...모든게 찢었다.,10
707,고양이 집사,방금 봤는데 너무 감동 깊게 봤습니다! 우리나라도 독일처럼 동물보호법 강화되서 더이상 버려지는 아이들이 없기를.. 길위의 아이들 모두 따듯한 손길에 행복하기를.. 영화처럼 세상 모든사람들이 따듯하고 좋은분들만 계시다면 얼마나 좋을까요? 출연해주신 냥이 챙겨주시는 모든분들 감사합니다! 복 많이 받으시고 행복하세요! 덕분에 참 마음 따듯하게 봤습니다!,8
708,고양이 집사,너무 사랑스런 고양이와 따뜻한 사람들의 이야기를 보며 감동 만,9
709,비바리움,내가 50년간 봤던 영화중 최악이,9
710,서복,핵노잼  별한개도 아까운 영,10
711,미드소마,문화 차이. 미리 말을 하던,10
712,언포기버블,영화의  단조로운 스토리를  긴장감있,6
713,인질,납치범 대가리가 영화 다조지네;; 집중이안되네..,10
714,롱 리브 더 킹: 목포 영웅,,10
715,싱크홀,싱크홀 별로라는 말이 많던데 그래도 제가 좋아하는 장르에 배우분들도 좋아하는 분들이라 꼭 보고 싶던거라 이제 봤네요 근데 진심 너무 웃기고 재밌는데요? 쫄깃하고 슬프고 감동적인 부분도 있고 좋아요 특히 광수님이 진짜 너무 웃겨요 그냥 런닝맨 보는 거 같음ㅋㅋㅋㅋ또 좋아하는 이학주 남다름 김성균님도 나오셔서.. 아 너무 좋게 봤어요 저는ㅎ,10
716,아수라,찢었다...모든게 찢었다.,10
717,고양이 집사,방금 봤는데 너무 감동 깊게 봤습니다! 우리나라도 독일처럼 동물보호법 강화되서 더이상 버려지는 아이들이 없기를.. 길위의 아이들 모두 따듯한 손길에 행복하기를.. 영화처럼 세상 모든사람들이 따듯하고 좋은분들만 계시다면 얼마나 좋을까요? 출연해주신 냥이 챙겨주시는 모든분들 감사합니다! 복 많이 받으시고 행복하세요! 덕분에 참 마음 따듯하게 봤습니다!,8
718,고양이 집사,너무 사랑스런 고양이와 따뜻한 사람들의 이야기를 보며 감동 만,9
719,비바리움,내가 50년간 봤던 영화중 최악이,9
720,서복,핵노잼  별한개도 아까운 영,10
721,미드소마,문화 차이. 미리 말을 하던,10
722,언포기버블,영화의  단조로운 스토리를  긴장감있,6
723,인질,납치범 대가리가 영화 다조지네;; 집중이안되네..,10
724,롱 리브 더 킹: 목포 영웅,,10
725,싱크홀,싱크홀 별로라는 말이 많던데 그래도 제가 좋아하는 장르에 배우분들도 좋아하는 분들이라 꼭 보고 싶던거라 이제 봤네요 근데 진심 너무 웃기고 재밌는데요? 쫄깃하고 슬프고 감동적인 부분도 있고 좋아요 특히 광수님이 진짜 너무 웃겨요 그냥 런닝맨 보는 거 같음ㅋㅋㅋㅋ또 좋아하는 이학주 남다름 김성균님도 나오셔서.. 아 너무 좋게 봤어요 저는ㅎ,10
726,아수라,찢었다...모든게 찢었다.,10
727,고양이 집사,방금 봤는데 너무 감동 깊게 봤습니다! 우리나라도 독일처럼 동물보호법 강화되서 더이상 버려지는 아이들이 없기를.. 길위의 아이들 모두 따듯한 손길에 행복하기를.. 영화처럼 세상 모든사람들이 따듯하고 좋은분들만 계시다면 얼마나 좋을까요? 출연해주신 냥이 챙겨주시는 모든분들 감사합니다! 복 많이 받으시고 행복하세요! 덕분에 참 마음 따듯하게 봤습니다!,8
728,고양이 집사,너무 사랑스런 고양이와 따뜻한 사람들의 이야기를 보며 감동 만,9
729,비바리움,내가 50년간 봤던 영화중 최악이,9
730,서복,핵노잼  별한개도 아까운 영,10
731,미드소마,문화 차이. 미리 말을 하던,10
732,언포기버블,영화의  단조로운 스토리를  긴장감있,6
733,인질,납치범 대가리가 영화 다조지네;; 집중이안되네..,10
734,롱 리브 더 킹: 목포 영웅,,10
735,싱크홀,싱크홀 별로라는 말이 많던데 그래도 제가 좋아하는 장르에 배우분들도 좋아하는 분들이라 꼭 보고 싶던거라 이제 봤네요 근데 진심 너무 웃기고 재밌는데요? 쫄깃하고 슬프고 감동적인 부분도 있고 좋아요 특히 광수님이 진짜 너무 웃겨요 그냥 런닝맨 보는 거 같음ㅋㅋㅋㅋ또 좋아하는 이학주 남다름 김성균님도 나오셔서.. 아 너무 좋게 봤어요 저는ㅎ,10
736,아수라,찢었다...모든게 찢었다.,10
737,고양이 집사,방금 봤는데 너무 감동 깊게 봤습니다! 우리나라도 독일처럼 동물보호법 강화되서 더이상 버려지는 아이들이 없기를.. 길위의 아이들 모두 따듯한 손길에 행복하기를.. 영화처럼 세상 모든사람들이 따듯하고 좋은분들만 계시다면 얼마나 좋을까요? 출연해주신 냥이 챙겨주시는 모든분들 감사합니다! 복 많이 받으시고 행복하세요! 덕분에 참 마음 따듯하게 봤습니다!,8
738,고양이 집사,너무 사랑스런 고양이와 따뜻한 사람들의 이야기를 보며 감동 만,9
739,비바리움,내가 50년간 봤던 영화중 최악이,9
740,서복,핵노잼  별한개도 아까운 영,10
741,미드소마,문화 차이. 미리 말을 하던,10
742,언포기버블,영화의  단조로운 스토리를  긴장감있,6
743,인질,납치범 대가리가 영화 다조지네;; 집중이안되네..,10
744,롱 리브 더 킹: 목포 영웅,,10
745,싱크홀,싱크홀 별로라는 말이 많던데 그래도 제가 좋아하는 장르에 배우분들도 좋아하는 분들이라 꼭 보고 싶던거라 이제 봤네요 근데 진심 너무 웃기고 재밌는데요? 쫄깃하고 슬프고 감동적인 부분도 있고 좋아요 특히 광수님이 진짜 너무 웃겨요 그냥 런닝맨 보는 거 같음ㅋㅋㅋㅋ또 좋아하는 이학주 남다름 김성균님도 나오셔서.. 아 너무 좋게 봤어요 저는ㅎ,10
746,아수라,찢었다...모든게 찢었다.,10
747,고양이 집사,방금 봤는데 너무 감동 깊게 봤습니다! 우리나라도 독일처럼 동물보호법 강화되서 더이상 버려지는 아이들이 없기를.. 길위의 아이들 모두 따듯한 손길에 행복하기를.. 영화처럼 세상 모든사람들이 따듯하고 좋은분들만 계시다면 얼마나 좋을까요? 출연해주신 냥이 챙겨주시는 모든분들 감사합니다! 복 많이 받으시고 행복하세요! 덕분에 참 마음 따듯하게 봤습니다!,8
748,고양이 집사,너무 사랑스런 고양이와 따뜻한 사람들의 이야기를 보며 감동 만,9
749,비바리움,내가 50년간 봤던 영화중 최악이,9
750,서복,핵노잼  별한개도 아까운 영,10
751,미드소마,문화 차이. 미리 말을 하던,10
752,언포기버블,영화의  단조로운 스토리를  긴장감있,6
753,인질,납치범 대가리가 영화 다조지네;; 집중이안되네..,10
754,롱 리브 더 킹: 목포 영웅,,10
755,싱크홀,싱크홀 별로라는 말이 많던데 그래도 제가 좋아하는 장르에 배우분들도 좋아하는 분들이라 꼭 보고 싶던거라 이제 봤네요 근데 진심 너무 웃기고 재밌는데요? 쫄깃하고 슬프고 감동적인 부분도 있고 좋아요 특히 광수님이 진짜 너무 웃겨요 그냥 런닝맨 보는 거 같음ㅋㅋㅋㅋ또 좋아하는 이학주 남다름 김성균님도 나오셔서.. 아 너무 좋게 봤어요 저는ㅎ,10
756,아수라,찢었다...모든게 찢었다.,10
757,고양이 집사,방금 봤는데 너무 감동 깊게 봤습니다! 우리나라도 독일처럼 동물보호법 강화되서 더이상 버려지는 아이들이 없기를.. 길위의 아이들 모두 따듯한 손길에 행복하기를.. 영화처럼 세상 모든사람들이 따듯하고 좋은분들만 계시다면 얼마나 좋을까요? 출연해주신 냥이 챙겨주시는 모든분들 감사합니다! 복 많이 받으시고 행복하세요! 덕분에 참 마음 따듯하게 봤습니다!,8
758,고양이 집사,너무 사랑스런 고양이와 따뜻한 사람들의 이야기를 보며 감동 만,9
759,비바리움,내가 50년간 봤던 영화중 최악이,9
760,서복,핵노잼  별한개도 아까운 영,10
761,미드소마,문화 차이. 미리 말을 하던,10
762,언포기버블,영화의  단조로운 스토리를  긴장감있,6
763,인질,납치범 대가리가 영화 다조지네;; 집중이안되네..,10
764,롱 리브 더 킹: 목포 영웅,,10
765,싱크홀,싱크홀 별로라는 말이 많던데 그래도 제가 좋아하는 장르에 배우분들도 좋아하는 분들이라 꼭 보고 싶던거라 이제 봤네요 근데 진심 너무 웃기고 재밌는데요? 쫄깃하고 슬프고 감동적인 부분도 있고 좋아요 특히 광수님이 진짜 너무 웃겨요 그냥 런닝맨 보는 거 같음ㅋㅋㅋㅋ또 좋아하는 이학주 남다름 김성균님도 나오셔서.. 아 너무 좋게 봤어요 저는ㅎ,10
766,아수라,찢었다...모든게 찢었다.,10
767,고양이 집사,방금 봤는데 너무 감동 깊게 봤습니다! 우리나라도 독일처럼 동물보호법 강화되서 더이상 버려지는 아이들이 없기를.. 길위의 아이들 모두 따듯한 손길에 행복하기를.. 영화처럼 세상 모든사람들이 따듯하고 좋은분들만 계시다면 얼마나 좋을까요? 출연해주신 냥이 챙겨주시는 모든분들 감사합니다! 복 많이 받으시고 행복하세요! 덕분에 참 마음 따듯하게 봤습니다!,8
768,고양이 집사,너무 사랑스런 고양이와 따뜻한 사람들의 이야기를 보며 감동 만,9
769,비바리움,내가 50년간 봤던 영화중 최악이,9
770,서복,핵노잼  별한개도 아까운 영,10
771,미드소마,문화 차이. 미리 말을 하던,10
772,언포기버블,영화의  단조로운 스토리를  긴장감있,6
773,인질,납치범 대가리가 영화 다조지네;; 집중이안되네..,10
774,롱 리브 더 킹: 목포 영웅,,10
775,싱크홀,싱크홀 별로라는 말이 많던데 그래도 제가 좋아하는 장르에 배우분들도 좋아하는 분들이라 꼭 보고 싶던거라 이제 봤네요 근데 진심 너무 웃기고 재밌는데요? 쫄깃하고 슬프고 감동적인 부분도 있고 좋아요 특히 광수님이 진짜 너무 웃겨요 그냥 런닝맨 보는 거 같음ㅋㅋㅋㅋ또 좋아하는 이학주 남다름 김성균님도 나오셔서.. 아 너무 좋게 봤어요 저는ㅎ,10
776,아수라,찢었다...모든게 찢었다.,10
777,고양이 집사,방금 봤는데 너무 감동 깊게 봤습니다! 우리나라도 독일처럼 동물보호법 강화되서 더이상 버려지는 아이들이 없기를.. 길위의 아이들 모두 따듯한 손길에 행복하기를.. 영화처럼 세상 모든사람들이 따듯하고 좋은분들만 계시다면 얼마나 좋을까요? 출연해주신 냥이 챙겨주시는 모든분들 감사합니다! 복 많이 받으시고 행복하세요! 덕분에 참 마음 따듯하게 봤습니다!,8
778,고양이 집사,너무 사랑스런 고양이와 따뜻한 사람들의 이야기를 보며 감동 만,9
779,비바리움,내가 50년간 봤던 영화중 최악이,9
780,서복,핵노잼  별한개도 아까운 영,10
781,미드소마,문화 차이. 미리 말을 하던,10
782,언포기버블,영화의  단조로운 스토리를  긴장감있,6
783,인질,납치범 대가리가 영화 다조지네;; 집중이안되네..,10
784,롱 리브 더 킹: 목포 영웅,,10
785,싱크홀,싱크홀 별로라는 말이 많던데 그래도 제가 좋아하는 장르에 배우분들도 좋아하는 분들이라 꼭 보고 싶던거라 이제 봤네요 근데 진심 너무 웃기고 재밌는데요? 쫄깃하고 슬프고 감동적인 부분도 있고 좋아요 특히 광수님이 진짜 너무 웃겨요 그냥 런닝맨 보는 거 같음ㅋㅋㅋㅋ또 좋아하는 이학주 남다름 김성균님도 나오셔서.. 아 너무 좋게 봤어요 저는ㅎ,10
786,아수라,찢었다...모든게 찢었다.,10
787,고양이 집사,방금 봤는데 너무 감동 깊게 봤습니다! 우리나라도 독일처럼 동물보호법 강화되서 더이상 버려지는 아이들이 없기를.. 길위의 아이들 모두 따듯한 손길에 행복하기를.. 영화처럼 세상 모든사람들이 따듯하고 좋은분들만 계시다면 얼마나 좋을까요? 출연해주신 냥이 챙겨주시는 모든분들 감사합니다! 복 많이 받으시고 행복하세요! 덕분에 참 마음 따듯하게 봤습니다!,8
788,고양이 집사,너무 사랑스런 고양이와 따뜻한 사람들의 이야기를 보며 감동 만,9
789,비바리움,내가 50년간 봤던 영화중 최악이,9
790,서복,핵노잼  별한개도 아까운 영,10
791,미드소마,문화 차이. 미리 말을 하던,10
792,언포기버블,영화의  단조로운 스토리를  긴장감있,6
793,인질,납치범 대가리가 영화 다조지네;; 집중이안되네..,10
794,롱 리브 더 킹: 목포 영웅,,10
795,싱크홀,싱크홀 별로라는 말이 많던데 그래도 제가 좋아하는 장르에 배우분들도 좋아하는 분들이라 꼭 보고 싶던거라 이제 봤네요 근데 진심 너무 웃기고 재밌는데요? 쫄깃하고 슬프고 감동적인 부분도 있고 좋아요 특히 광수님이 진짜 너무 웃겨요 그냥 런닝맨 보는 거 같음ㅋㅋㅋㅋ또 좋아하는 이학주 남다름 김성균님도 나오셔서.. 아 너무 좋게 봤어요 저는ㅎ,10
796,아수라,찢었다...모든게 찢었다.,10
797,고양이 집사,방금 봤는데 너무 감동 깊게 봤습니다! 우리나라도 독일처럼 동물보호법 강화되서 더이상 버려지는 아이들이 없기를.. 길위의 아이들 모두 따듯한 손길에 행복하기를.. 영화처럼 세상 모든사람들이 따듯하고 좋은분들만 계시다면 얼마나 좋을까요? 출연해주신 냥이 챙겨주시는 모든분들 감사합니다! 복 많이 받으시고 행복하세요! 덕분에 참 마음 따듯하게 봤습니다!,8
798,고양이 집사,너무 사랑스런 고양이와 따뜻한 사람들의 이야기를 보며 감동 만,9
799,비바리움,내가 50년간 봤던 영화중 최악이,9
800,서복,핵노잼  별한개도 아까운 영,10
801,미드소마,문화 차이. 미리 말을 하던,10
802,언포기버블,영화의  단조로운 스토리를  긴장감있,6
803,인질,납치범 대가리가 영화 다조지네;; 집중이안되네..,10
804,롱 리브 더 킹: 목포 영웅,,10
805,싱크홀,싱크홀 별로라는 말이 많던데 그래도 제가 좋아하는 장르에 배우분들도 좋아하는 분들이라 꼭 보고 싶던거라 이제 봤네요 근데 진심 너무 웃기고 재밌는데요? 쫄깃하고 슬프고 감동적인 부분도 있고 좋아요 특히 광수님이 진짜 너무 웃겨요 그냥 런닝맨 보는 거 같음ㅋㅋㅋㅋ또 좋아하는 이학주 남다름 김성균님도 나오셔서.. 아 너무 좋게 봤어요 저는ㅎ,10
806,아수라,찢었다...모든게 찢었다.,10
807,고양이 집사,방금 봤는데 너무 감동 깊게 봤습니다! 우리나라도 독일처럼 동물보호법 강화되서 더이상 버려지는 아이들이 없기를.. 길위의 아이들 모두 따듯한 손길에 행복하기를.. 영화처럼 세상 모든사람들이 따듯하고 좋은분들만 계시다면 얼마나 좋을까요? 출연해주신 냥이 챙겨주시는 모든분들 감사합니다! 복 많이 받으시고 행복하세요! 덕분에 참 마음 따듯하게 봤습니다!,8
808,고양이 집사,너무 사랑스런 고양이와 따뜻한 사람들의 이야기를 보며 감동 만,9
809,비바리움,내가 50년간 봤던 영화중 최악이,9
810,서복,핵노잼  별한개도 아까운 영,10
811,미드소마,문화 차이. 미리 말을 하던,10
812,언포기버블,영화의  단조로운 스토리를  긴장감있,6
813,인질,납치범 대가리가 영화 다조지네;; 집중이안되네..,10
814,롱 리브 더 킹: 목포 영웅,,10
815,싱크홀,싱크홀 별로라는 말이 많던데 그래도 제가 좋아하는 장르에 배우분들도 좋아하는 분들이라 꼭 보고 싶던거라 이제 봤네요 근데 진심 너무 웃기고 재밌는데요? 쫄깃하고 슬프고 감동적인 부분도 있고 좋아요 특히 광수님이 진짜 너무 웃겨요 그냥 런닝맨 보는 거 같음ㅋㅋㅋㅋ또 좋아하는 이학주 남다름 김성균님도 나오셔서.. 아 너무 좋게 봤어요 저는ㅎ,10
816,아수라,찢었다...모든게 찢었다.,10
817,고양이 집사,방금 봤는데 너무 감동 깊게 봤습니다! 우리나라도 독일처럼 동물보호법 강화되서 더이상 버려지는 아이들이 없기를.. 길위의 아이들 모두 따듯한 손길에 행복하기를.. 영화처럼 세상 모든사람들이 따듯하고 좋은분들만 계시다면 얼마나 좋을까요? 출연해주신 냥이 챙겨주시는 모든분들 감사합니다! 복 많이 받으시고 행복하세요! 덕분에 참 마음 따듯하게 봤습니다!,8
818,고양이 집사,너무 사랑스런 고양이와 따뜻한 사람들의 이야기를 보며 감동 만,9
819,비바리움,내가 50년간 봤던 영화중 최악이,9
820,서복,핵노잼  별한개도 아까운 영,10
821,미드소마,문화 차이. 미리 말을 하던,10
822,언포기버블,영화의  단조로운 스토리를  긴장감있,6
823,인질,납치범 대가리가 영화 다조지네;; 집중이안되네..,10
824,롱 리브 더 킹: 목포 영웅,,10
825,싱크홀,싱크홀 별로라는 말이 많던데 그래도 제가 좋아하는 장르에 배우분들도 좋아하는 분들이라 꼭 보고 싶던거라 이제 봤네요 근데 진심 너무 웃기고 재밌는데요? 쫄깃하고 슬프고 감동적인 부분도 있고 좋아요 특히 광수님이 진짜 너무 웃겨요 그냥 런닝맨 보는 거 같음ㅋㅋㅋㅋ또 좋아하는 이학주 남다름 김성균님도 나오셔서.. 아 너무 좋게 봤어요 저는ㅎ,10
826,아수라,찢었다...모든게 찢었다.,10
827,고양이 집사,방금 봤는데 너무 감동 깊게 봤습니다! 우리나라도 독일처럼 동물보호법 강화되서 더이상 버려지는 아이들이 없기를.. 길위의 아이들 모두 따듯한 손길에 행복하기를.. 영화처럼 세상 모든사람들이 따듯하고 좋은분들만 계시다면 얼마나 좋을까요? 출연해주신 냥이 챙겨주시는 모든분들 감사합니다! 복 많이 받으시고 행복하세요! 덕분에 참 마음 따듯하게 봤습니다!,8
828,고양이 집사,너무 사랑스런 고양이와 따뜻한 사람들의 이야기를 보며 감동 만,9
829,비바리움,내가 50년간 봤던 영화중 최악이,9
830,서복,핵노잼  별한개도 아까운 영,10
831,미드소마,문화 차이. 미리 말을 하던,10
832,언포기버블,영화의  단조로운 스토리를  긴장감있,6
833,인질,납치범 대가리가 영화 다조지네;; 집중이안되네..,10
834,롱 리브 더 킹: 목포 영웅,,10
835,싱크홀,싱크홀 별로라는 말이 많던데 그래도 제가 좋아하는 장르에 배우분들도 좋아하는 분들이라 꼭 보고 싶던거라 이제 봤네요 근데 진심 너무 웃기고 재밌는데요? 쫄깃하고 슬프고 감동적인 부분도 있고 좋아요 특히 광수님이 진짜 너무 웃겨요 그냥 런닝맨 보는 거 같음ㅋㅋㅋㅋ또 좋아하는 이학주 남다름 김성균님도 나오셔서.. 아 너무 좋게 봤어요 저는ㅎ,10
836,아수라,찢었다...모든게 찢었다.,10
837,고양이 집사,방금 봤는데 너무 감동 깊게 봤습니다! 우리나라도 독일처럼 동물보호법 강화되서 더이상 버려지는 아이들이 없기를.. 길위의 아이들 모두 따듯한 손길에 행복하기를.. 영화처럼 세상 모든사람들이 따듯하고 좋은분들만 계시다면 얼마나 좋을까요? 출연해주신 냥이 챙겨주시는 모든분들 감사합니다! 복 많이 받으시고 행복하세요! 덕분에 참 마음 따듯하게 봤습니다!,8
838,고양이 집사,너무 사랑스런 고양이와 따뜻한 사람들의 이야기를 보며 감동 만,9
839,비바리움,내가 50년간 봤던 영화중 최악이,9
840,인질,재미있게 봤습니다.,10
841,서복,핵노잼  별한개도 아까운 영,10
842,미드소마,문화 차이. 미리 말을 하던,6
843,언포기버블,영화의  단조로운 스토리를  긴장감있,10
844,인질,납치범 대가리가 영화 다조지네;; 집중이안되네..,10
845,롱 리브 더 킹: 목포 영웅,,10
846,싱크홀,싱크홀 별로라는 말이 많던데 그래도 제가 좋아하는 장르에 배우분들도 좋아하는 분들이라 꼭 보고 싶던거라 이제 봤네요 근데 진심 너무 웃기고 재밌는데요? 쫄깃하고 슬프고 감동적인 부분도 있고 좋아요 특히 광수님이 진짜 너무 웃겨요 그냥 런닝맨 보는 거 같음ㅋㅋㅋㅋ또 좋아하는 이학주 남다름 김성균님도 나오셔서.. 아 너무 좋게 봤어요 저는ㅎ,10
847,아수라,찢었다...모든게 찢었다.,8
848,고양이 집사,방금 봤는데 너무 감동 깊게 봤습니다! 우리나라도 독일처럼 동물보호법 강화되서 더이상 버려지는 아이들이 없기를.. 길위의 아이들 모두 따듯한 손길에 행복하기를.. 영화처럼 세상 모든사람들이 따듯하고 좋은분들만 계시다면 얼마나 좋을까요? 출연해주신 냥이 챙겨주시는 모든분들 감사합니다! 복 많이 받으시고 행복하세요! 덕분에 참 마음 따듯하게 봤습니다!,9
849,고양이 집사,너무 사랑스런 고양이와 따뜻한 사람들의 이야기를 보며 감동 만,9
850,인질,재미있게 봤습니다.,10
851,서복,핵노잼  별한개도 아까운 영,10
852,미드소마,문화 차이. 미리 말을 하던,6
853,언포기버블,영화의  단조로운 스토리를  긴장감있,10
854,인질,납치범 대가리가 영화 다조지네;; 집중이안되네..,10
855,롱 리브 더 킹: 목포 영웅,,10
856,싱크홀,싱크홀 별로라는 말이 많던데 그래도 제가 좋아하는 장르에 배우분들도 좋아하는 분들이라 꼭 보고 싶던거라 이제 봤네요 근데 진심 너무 웃기고 재밌는데요? 쫄깃하고 슬프고 감동적인 부분도 있고 좋아요 특히 광수님이 진짜 너무 웃겨요 그냥 런닝맨 보는 거 같음ㅋㅋㅋㅋ또 좋아하는 이학주 남다름 김성균님도 나오셔서.. 아 너무 좋게 봤어요 저는ㅎ,10
857,아수라,찢었다...모든게 찢었다.,8
858,고양이 집사,방금 봤는데 너무 감동 깊게 봤습니다! 우리나라도 독일처럼 동물보호법 강화되서 더이상 버려지는 아이들이 없기를.. 길위의 아이들 모두 따듯한 손길에 행복하기를.. 영화처럼 세상 모든사람들이 따듯하고 좋은분들만 계시다면 얼마나 좋을까요? 출연해주신 냥이 챙겨주시는 모든분들 감사합니다! 복 많이 받으시고 행복하세요! 덕분에 참 마음 따듯하게 봤습니다!,9
859,고양이 집사,너무 사랑스런 고양이와 따뜻한 사람들의 이야기를 보며 감동 만,9
860,인질,재미있게 봤습니다.,10
861,서복,핵노잼  별한개도 아까운 영,10
862,미드소마,문화 차이. 미리 말을 하던,6
863,언포기버블,영화의  단조로운 스토리를  긴장감있,10
864,인질,납치범 대가리가 영화 다조지네;; 집중이안되네..,10
865,롱 리브 더 킹: 목포 영웅,,10
866,싱크홀,싱크홀 별로라는 말이 많던데 그래도 제가 좋아하는 장르에 배우분들도 좋아하는 분들이라 꼭 보고 싶던거라 이제 봤네요 근데 진심 너무 웃기고 재밌는데요? 쫄깃하고 슬프고 감동적인 부분도 있고 좋아요 특히 광수님이 진짜 너무 웃겨요 그냥 런닝맨 보는 거 같음ㅋㅋㅋㅋ또 좋아하는 이학주 남다름 김성균님도 나오셔서.. 아 너무 좋게 봤어요 저는ㅎ,10
867,아수라,찢었다...모든게 찢었다.,8
868,고양이 집사,방금 봤는데 너무 감동 깊게 봤습니다! 우리나라도 독일처럼 동물보호법 강화되서 더이상 버려지는 아이들이 없기를.. 길위의 아이들 모두 따듯한 손길에 행복하기를.. 영화처럼 세상 모든사람들이 따듯하고 좋은분들만 계시다면 얼마나 좋을까요? 출연해주신 냥이 챙겨주시는 모든분들 감사합니다! 복 많이 받으시고 행복하세요! 덕분에 참 마음 따듯하게 봤습니다!,9
869,고양이 집사,너무 사랑스런 고양이와 따뜻한 사람들의 이야기를 보며 감동 만,9
870,인질,재미있게 봤습니다.,10
871,서복,핵노잼  별한개도 아까운 영,10
872,미드소마,문화 차이. 미리 말을 하던,6
873,언포기버블,영화의  단조로운 스토리를  긴장감있,10
874,인질,납치범 대가리가 영화 다조지네;; 집중이안되네..,10
875,롱 리브 더 킹: 목포 영웅,,10
876,싱크홀,싱크홀 별로라는 말이 많던데 그래도 제가 좋아하는 장르에 배우분들도 좋아하는 분들이라 꼭 보고 싶던거라 이제 봤네요 근데 진심 너무 웃기고 재밌는데요? 쫄깃하고 슬프고 감동적인 부분도 있고 좋아요 특히 광수님이 진짜 너무 웃겨요 그냥 런닝맨 보는 거 같음ㅋㅋㅋㅋ또 좋아하는 이학주 남다름 김성균님도 나오셔서.. 아 너무 좋게 봤어요 저는ㅎ,10
877,아수라,찢었다...모든게 찢었다.,8
878,고양이 집사,방금 봤는데 너무 감동 깊게 봤습니다! 우리나라도 독일처럼 동물보호법 강화되서 더이상 버려지는 아이들이 없기를.. 길위의 아이들 모두 따듯한 손길에 행복하기를.. 영화처럼 세상 모든사람들이 따듯하고 좋은분들만 계시다면 얼마나 좋을까요? 출연해주신 냥이 챙겨주시는 모든분들 감사합니다! 복 많이 받으시고 행복하세요! 덕분에 참 마음 따듯하게 봤습니다!,9
879,고양이 집사,너무 사랑스런 고양이와 따뜻한 사람들의 이야기를 보며 감동 만,9
880,인질,재미있게 봤습니다.,10
881,서복,핵노잼  별한개도 아까운 영,10
882,미드소마,문화 차이. 미리 말을 하던,6
883,언포기버블,영화의  단조로운 스토리를  긴장감있,10
884,인질,납치범 대가리가 영화 다조지네;; 집중이안되네..,10
885,롱 리브 더 킹: 목포 영웅,,10
886,싱크홀,싱크홀 별로라는 말이 많던데 그래도 제가 좋아하는 장르에 배우분들도 좋아하는 분들이라 꼭 보고 싶던거라 이제 봤네요 근데 진심 너무 웃기고 재밌는데요? 쫄깃하고 슬프고 감동적인 부분도 있고 좋아요 특히 광수님이 진짜 너무 웃겨요 그냥 런닝맨 보는 거 같음ㅋㅋㅋㅋ또 좋아하는 이학주 남다름 김성균님도 나오셔서.. 아 너무 좋게 봤어요 저는ㅎ,10
887,아수라,찢었다...모든게 찢었다.,8
888,고양이 집사,방금 봤는데 너무 감동 깊게 봤습니다! 우리나라도 독일처럼 동물보호법 강화되서 더이상 버려지는 아이들이 없기를.. 길위의 아이들 모두 따듯한 손길에 행복하기를.. 영화처럼 세상 모든사람들이 따듯하고 좋은분들만 계시다면 얼마나 좋을까요? 출연해주신 냥이 챙겨주시는 모든분들 감사합니다! 복 많이 받으시고 행복하세요! 덕분에 참 마음 따듯하게 봤습니다!,9
889,고양이 집사,너무 사랑스런 고양이와 따뜻한 사람들의 이야기를 보며 감동 만,9
890,인질,재미있게 봤습니다.,10
891,서복,핵노잼  별한개도 아까운 영,10
892,미드소마,문화 차이. 미리 말을 하던,6
893,언포기버블,영화의  단조로운 스토리를  긴장감있,10
894,인질,납치범 대가리가 영화 다조지네;; 집중이안되네..,10
895,롱 리브 더 킹: 목포 영웅,,10
896,싱크홀,싱크홀 별로라는 말이 많던데 그래도 제가 좋아하는 장르에 배우분들도 좋아하는 분들이라 꼭 보고 싶던거라 이제 봤네요 근데 진심 너무 웃기고 재밌는데요? 쫄깃하고 슬프고 감동적인 부분도 있고 좋아요 특히 광수님이 진짜 너무 웃겨요 그냥 런닝맨 보는 거 같음ㅋㅋㅋㅋ또 좋아하는 이학주 남다름 김성균님도 나오셔서.. 아 너무 좋게 봤어요 저는ㅎ,10
897,아수라,찢었다...모든게 찢었다.,8
898,고양이 집사,방금 봤는데 너무 감동 깊게 봤습니다! 우리나라도 독일처럼 동물보호법 강화되서 더이상 버려지는 아이들이 없기를.. 길위의 아이들 모두 따듯한 손길에 행복하기를.. 영화처럼 세상 모든사람들이 따듯하고 좋은분들만 계시다면 얼마나 좋을까요? 출연해주신 냥이 챙겨주시는 모든분들 감사합니다! 복 많이 받으시고 행복하세요! 덕분에 참 마음 따듯하게 봤습니다!,9
899,고양이 집사,너무 사랑스런 고양이와 따뜻한 사람들의 이야기를 보며 감동 만,9
900,인질,재미있게 봤습니다.,10
901,서복,핵노잼  별한개도 아까운 영,10
902,미드소마,문화 차이. 미리 말을 하던,6
903,언포기버블,영화의  단조로운 스토리를  긴장감있,10
904,인질,납치범 대가리가 영화 다조지네;; 집중이안되네..,10
905,롱 리브 더 킹: 목포 영웅,,10
906,싱크홀,싱크홀 별로라는 말이 많던데 그래도 제가 좋아하는 장르에 배우분들도 좋아하는 분들이라 꼭 보고 싶던거라 이제 봤네요 근데 진심 너무 웃기고 재밌는데요? 쫄깃하고 슬프고 감동적인 부분도 있고 좋아요 특히 광수님이 진짜 너무 웃겨요 그냥 런닝맨 보는 거 같음ㅋㅋㅋㅋ또 좋아하는 이학주 남다름 김성균님도 나오셔서.. 아 너무 좋게 봤어요 저는ㅎ,10
907,아수라,찢었다...모든게 찢었다.,8
908,고양이 집사,방금 봤는데 너무 감동 깊게 봤습니다! 우리나라도 독일처럼 동물보호법 강화되서 더이상 버려지는 아이들이 없기를.. 길위의 아이들 모두 따듯한 손길에 행복하기를.. 영화처럼 세상 모든사람들이 따듯하고 좋은분들만 계시다면 얼마나 좋을까요? 출연해주신 냥이 챙겨주시는 모든분들 감사합니다! 복 많이 받으시고 행복하세요! 덕분에 참 마음 따듯하게 봤습니다!,9
909,고양이 집사,너무 사랑스런 고양이와 따뜻한 사람들의 이야기를 보며 감동 만,9
910,매트릭스,최고의 영화 중 하나!! 꼭 극장에서 관람 하시길,10
911,인질,재미있게 봤습니다.,10
912,서복,핵노잼  별한개도 아까운 영,6
913,미드소마,문화 차이. 미리 말을 하던,10
914,언포기버블,영화의  단조로운 스토리를  긴장감있,10
915,인질,납치범 대가리가 영화 다조지네;; 집중이안되네..,10
916,롱 리브 더 킹: 목포 영웅,,10
917,싱크홀,싱크홀 별로라는 말이 많던데 그래도 제가 좋아하는 장르에 배우분들도 좋아하는 분들이라 꼭 보고 싶던거라 이제 봤네요 근데 진심 너무 웃기고 재밌는데요? 쫄깃하고 슬프고 감동적인 부분도 있고 좋아요 특히 광수님이 진짜 너무 웃겨요 그냥 런닝맨 보는 거 같음ㅋㅋㅋㅋ또 좋아하는 이학주 남다름 김성균님도 나오셔서.. 아 너무 좋게 봤어요 저는ㅎ,8
918,아수라,찢었다...모든게 찢었다.,9
919,고양이 집사,방금 봤는데 너무 감동 깊게 봤습니다! 우리나라도 독일처럼 동물보호법 강화되서 더이상 버려지는 아이들이 없기를.. 길위의 아이들 모두 따듯한 손길에 행복하기를.. 영화처럼 세상 모든사람들이 따듯하고 좋은분들만 계시다면 얼마나 좋을까요? 출연해주신 냥이 챙겨주시는 모든분들 감사합니다! 복 많이 받으시고 행복하세요! 덕분에 참 마음 따듯하게 봤습니다!,9
920,매트릭스,최고의 영화 중 하나!! 꼭 극장에서 관람 하시길,10
921,인질,재미있게 봤습니다.,10
922,서복,핵노잼  별한개도 아까운 영,6
923,미드소마,문화 차이. 미리 말을 하던,10
924,언포기버블,영화의  단조로운 스토리를  긴장감있,10
925,인질,납치범 대가리가 영화 다조지네;; 집중이안되네..,10
926,롱 리브 더 킹: 목포 영웅,,10
927,싱크홀,싱크홀 별로라는 말이 많던데 그래도 제가 좋아하는 장르에 배우분들도 좋아하는 분들이라 꼭 보고 싶던거라 이제 봤네요 근데 진심 너무 웃기고 재밌는데요? 쫄깃하고 슬프고 감동적인 부분도 있고 좋아요 특히 광수님이 진짜 너무 웃겨요 그냥 런닝맨 보는 거 같음ㅋㅋㅋㅋ또 좋아하는 이학주 남다름 김성균님도 나오셔서.. 아 너무 좋게 봤어요 저는ㅎ,8
928,아수라,찢었다...모든게 찢었다.,9
929,고양이 집사,방금 봤는데 너무 감동 깊게 봤습니다! 우리나라도 독일처럼 동물보호법 강화되서 더이상 버려지는 아이들이 없기를.. 길위의 아이들 모두 따듯한 손길에 행복하기를.. 영화처럼 세상 모든사람들이 따듯하고 좋은분들만 계시다면 얼마나 좋을까요? 출연해주신 냥이 챙겨주시는 모든분들 감사합니다! 복 많이 받으시고 행복하세요! 덕분에 참 마음 따듯하게 봤습니다!,9
930,매트릭스,최고의 영화 중 하나!! 꼭 극장에서 관람 하시길,10
931,인질,재미있게 봤습니다.,10
932,서복,핵노잼  별한개도 아까운 영,6
933,미드소마,문화 차이. 미리 말을 하던,10
934,언포기버블,영화의  단조로운 스토리를  긴장감있,10
935,인질,납치범 대가리가 영화 다조지네;; 집중이안되네..,10
936,롱 리브 더 킹: 목포 영웅,,10
937,싱크홀,싱크홀 별로라는 말이 많던데 그래도 제가 좋아하는 장르에 배우분들도 좋아하는 분들이라 꼭 보고 싶던거라 이제 봤네요 근데 진심 너무 웃기고 재밌는데요? 쫄깃하고 슬프고 감동적인 부분도 있고 좋아요 특히 광수님이 진짜 너무 웃겨요 그냥 런닝맨 보는 거 같음ㅋㅋㅋㅋ또 좋아하는 이학주 남다름 김성균님도 나오셔서.. 아 너무 좋게 봤어요 저는ㅎ,8
938,아수라,찢었다...모든게 찢었다.,9
939,고양이 집사,방금 봤는데 너무 감동 깊게 봤습니다! 우리나라도 독일처럼 동물보호법 강화되서 더이상 버려지는 아이들이 없기를.. 길위의 아이들 모두 따듯한 손길에 행복하기를.. 영화처럼 세상 모든사람들이 따듯하고 좋은분들만 계시다면 얼마나 좋을까요? 출연해주신 냥이 챙겨주시는 모든분들 감사합니다! 복 많이 받으시고 행복하세요! 덕분에 참 마음 따듯하게 봤습니다!,9
940,매트릭스,최고의 영화 중 하나!! 꼭 극장에서 관람 하시길,10
941,인질,재미있게 봤습니다.,10
942,서복,핵노잼  별한개도 아까운 영,6
943,미드소마,문화 차이. 미리 말을 하던,10
944,언포기버블,영화의  단조로운 스토리를  긴장감있,10
945,인질,납치범 대가리가 영화 다조지네;; 집중이안되네..,10
946,롱 리브 더 킹: 목포 영웅,,10
947,싱크홀,싱크홀 별로라는 말이 많던데 그래도 제가 좋아하는 장르에 배우분들도 좋아하는 분들이라 꼭 보고 싶던거라 이제 봤네요 근데 진심 너무 웃기고 재밌는데요? 쫄깃하고 슬프고 감동적인 부분도 있고 좋아요 특히 광수님이 진짜 너무 웃겨요 그냥 런닝맨 보는 거 같음ㅋㅋㅋㅋ또 좋아하는 이학주 남다름 김성균님도 나오셔서.. 아 너무 좋게 봤어요 저는ㅎ,8
948,아수라,찢었다...모든게 찢었다.,9
949,고양이 집사,방금 봤는데 너무 감동 깊게 봤습니다! 우리나라도 독일처럼 동물보호법 강화되서 더이상 버려지는 아이들이 없기를.. 길위의 아이들 모두 따듯한 손길에 행복하기를.. 영화처럼 세상 모든사람들이 따듯하고 좋은분들만 계시다면 얼마나 좋을까요? 출연해주신 냥이 챙겨주시는 모든분들 감사합니다! 복 많이 받으시고 행복하세요! 덕분에 참 마음 따듯하게 봤습니다!,9
950,매트릭스,최고의 영화 중 하나!! 꼭 극장에서 관람 하시길,10
951,인질,재미있게 봤습니다.,10
952,서복,핵노잼  별한개도 아까운 영,6
953,미드소마,문화 차이. 미리 말을 하던,10
954,언포기버블,영화의  단조로운 스토리를  긴장감있,10
955,인질,납치범 대가리가 영화 다조지네;; 집중이안되네..,10
956,롱 리브 더 킹: 목포 영웅,,10
957,싱크홀,싱크홀 별로라는 말이 많던데 그래도 제가 좋아하는 장르에 배우분들도 좋아하는 분들이라 꼭 보고 싶던거라 이제 봤네요 근데 진심 너무 웃기고 재밌는데요? 쫄깃하고 슬프고 감동적인 부분도 있고 좋아요 특히 광수님이 진짜 너무 웃겨요 그냥 런닝맨 보는 거 같음ㅋㅋㅋㅋ또 좋아하는 이학주 남다름 김성균님도 나오셔서.. 아 너무 좋게 봤어요 저는ㅎ,8
958,아수라,찢었다...모든게 찢었다.,9
959,고양이 집사,방금 봤는데 너무 감동 깊게 봤습니다! 우리나라도 독일처럼 동물보호법 강화되서 더이상 버려지는 아이들이 없기를.. 길위의 아이들 모두 따듯한 손길에 행복하기를.. 영화처럼 세상 모든사람들이 따듯하고 좋은분들만 계시다면 얼마나 좋을까요? 출연해주신 냥이 챙겨주시는 모든분들 감사합니다! 복 많이 받으시고 행복하세요! 덕분에 참 마음 따듯하게 봤습니다!,9
960,매트릭스,최고의 영화 중 하나!! 꼭 극장에서 관람 하시길,10
961,인질,재미있게 봤습니다.,10
962,서복,핵노잼  별한개도 아까운 영,6
963,미드소마,문화 차이. 미리 말을 하던,10
964,언포기버블,영화의  단조로운 스토리를  긴장감있,10
965,인질,납치범 대가리가 영화 다조지네;; 집중이안되네..,10
966,롱 리브 더 킹: 목포 영웅,,10
967,싱크홀,싱크홀 별로라는 말이 많던데 그래도 제가 좋아하는 장르에 배우분들도 좋아하는 분들이라 꼭 보고 싶던거라 이제 봤네요 근데 진심 너무 웃기고 재밌는데요? 쫄깃하고 슬프고 감동적인 부분도 있고 좋아요 특히 광수님이 진짜 너무 웃겨요 그냥 런닝맨 보는 거 같음ㅋㅋㅋㅋ또 좋아하는 이학주 남다름 김성균님도 나오셔서.. 아 너무 좋게 봤어요 저는ㅎ,8
968,아수라,찢었다...모든게 찢었다.,9
969,고양이 집사,방금 봤는데 너무 감동 깊게 봤습니다! 우리나라도 독일처럼 동물보호법 강화되서 더이상 버려지는 아이들이 없기를.. 길위의 아이들 모두 따듯한 손길에 행복하기를.. 영화처럼 세상 모든사람들이 따듯하고 좋은분들만 계시다면 얼마나 좋을까요? 출연해주신 냥이 챙겨주시는 모든분들 감사합니다! 복 많이 받으시고 행복하세요! 덕분에 참 마음 따듯하게 봤습니다!,9
970,매트릭스,최고의 영화 중 하나!! 꼭 극장에서 관람 하시길,10
971,인질,재미있게 봤습니다.,10
972,서복,핵노잼  별한개도 아까운 영,6
973,미드소마,문화 차이. 미리 말을 하던,10
974,언포기버블,영화의  단조로운 스토리를  긴장감있,10
975,인질,납치범 대가리가 영화 다조지네;; 집중이안되네..,10
976,롱 리브 더 킹: 목포 영웅,,10
977,싱크홀,싱크홀 별로라는 말이 많던데 그래도 제가 좋아하는 장르에 배우분들도 좋아하는 분들이라 꼭 보고 싶던거라 이제 봤네요 근데 진심 너무 웃기고 재밌는데요? 쫄깃하고 슬프고 감동적인 부분도 있고 좋아요 특히 광수님이 진짜 너무 웃겨요 그냥 런닝맨 보는 거 같음ㅋㅋㅋㅋ또 좋아하는 이학주 남다름 김성균님도 나오셔서.. 아 너무 좋게 봤어요 저는ㅎ,8
978,아수라,찢었다...모든게 찢었다.,9
979,고양이 집사,방금 봤는데 너무 감동 깊게 봤습니다! 우리나라도 독일처럼 동물보호법 강화되서 더이상 버려지는 아이들이 없기를.. 길위의 아이들 모두 따듯한 손길에 행복하기를.. 영화처럼 세상 모든사람들이 따듯하고 좋은분들만 계시다면 얼마나 좋을까요? 출연해주신 냥이 챙겨주시는 모든분들 감사합니다! 복 많이 받으시고 행복하세요! 덕분에 참 마음 따듯하게 봤습니다!,9
980,매트릭스,최고의 영화 중 하나!! 꼭 극장에서 관람 하시길,10
981,인질,재미있게 봤습니다.,10
982,서복,핵노잼  별한개도 아까운 영,6
983,미드소마,문화 차이. 미리 말을 하던,10
984,언포기버블,영화의  단조로운 스토리를  긴장감있,10
985,인질,납치범 대가리가 영화 다조지네;; 집중이안되네..,10
986,롱 리브 더 킹: 목포 영웅,,10
987,싱크홀,싱크홀 별로라는 말이 많던데 그래도 제가 좋아하는 장르에 배우분들도 좋아하는 분들이라 꼭 보고 싶던거라 이제 봤네요 근데 진심 너무 웃기고 재밌는데요? 쫄깃하고 슬프고 감동적인 부분도 있고 좋아요 특히 광수님이 진짜 너무 웃겨요 그냥 런닝맨 보는 거 같음ㅋㅋㅋㅋ또 좋아하는 이학주 남다름 김성균님도 나오셔서.. 아 너무 좋게 봤어요 저는ㅎ,8
988,아수라,찢었다...모든게 찢었다.,9
989,고양이 집사,방금 봤는데 너무 감동 깊게 봤습니다! 우리나라도 독일처럼 동물보호법 강화되서 더이상 버려지는 아이들이 없기를.. 길위의 아이들 모두 따듯한 손길에 행복하기를.. 영화처럼 세상 모든사람들이 따듯하고 좋은분들만 계시다면 얼마나 좋을까요? 출연해주신 냥이 챙겨주시는 모든분들 감사합니다! 복 많이 받으시고 행복하세요! 덕분에 참 마음 따듯하게 봤습니다!,9
